Date,DA,RT,Signal,reg_ccp,reg_pcp
2017-07-01-0,21.05,22.770001,-0.55922865,4.19,0.14
2017-07-01-1,20.87,22.95,-0.591062137,7.61,0.15
2017-07-01-2,19.94,20.45,-0.608815427,4.34,0
2017-07-01-3,18.96,19.8,-0.573308846,4.43,0.14
2017-07-01-4,18.43,18.78,-0.49862259,10.47,0.11
2017-07-01-5,18.36,17.63,0.158555249,22.85,1.22
2017-07-01-6,18.27,20.81,0.2996633,5.02,0.76
2017-07-01-7,20.06,21.609999,0.397000306,6.41,0.56
2017-07-01-8,21.57,22.38,0.364860728,5.58,2.99
2017-07-01-9,23.57,25.72,0.292623202,9.08,2.46
2017-07-01-10,25.89,29.869999,0.309458219,23.73,2.04
2017-07-01-11,28.15,29.82,0.243036425,35.47,1.59
2017-07-01-12,29.08,64.359999,0.230180594,104.24,1.35
2017-07-01-13,30.54,39.83,0.158555249,24.98,0.54
2017-07-01-14,31.42,43.39,-0.634527089,9.02,1.33
2017-07-01-15,33.32,32.77,-0.593204775,3.45,1.14
2017-07-01-16,35.51,30.72,-0.585858586,3.8,1.25
2017-07-01-17,33.86,54.12,-0.485460667,37.21,1.04
2017-07-01-18,31.29,51.37,0.184879094,34.71,1.07
2017-07-01-19,30.08,29.450001,0.239669421,16.77,0.41
2017-07-01-20,28.89,27.190001,0.337006428,10.05,2.51
2017-07-01-21,27.76,26.87,0.307621671,9.86,1.31
2017-07-01-22,25.14,23.74,0.411386593,7.93,1.17
2017-07-01-23,22.02,21.84,0.22681359,5.63,2.62
2017-07-02-0,20.65,20.44,-0.596571778,5.17,1.11
2017-07-02-1,20.14,21.09,-0.639424549,4.5,1.11
2017-07-02-2,19.17,19.75,-0.623201714,0.89,0.85
2017-07-02-3,17.69,18.200001,-0.634527089,8.8,1.34
2017-07-02-4,16.68,16.900001,-0.494031221,8.48,0.92
2017-07-02-5,15.7,15.100001,0.288337925,23.84,1.5
2017-07-02-6,15.04,16.79,0.283746556,9.01,2.18
2017-07-02-7,17.6,20.54,0.151821243,8.29,1.22
2017-07-02-8,20.43,21.039999,0.193449648,14.66,1.76
2017-07-02-9,22.57,24.229999,0.261401898,5.71,1.37
2017-07-02-10,25.21,27.699999,0.272421182,9.52,2.07
2017-07-02-11,27.56,31.670001,0.296908479,17.08,1.89
2017-07-02-12,29.87,33.650001,0.331802877,21.25,0.89
2017-07-02-13,33.26,30.8,0.155494337,16.65,0.33
2017-07-02-14,36.48,49.25,-0.625650444,5.95,0
2017-07-02-15,39.67,52.820001,-0.625650444,10.25,0.7
2017-07-02-16,42.4,74.72,-0.625650444,17.84,1.07
2017-07-02-17,45.23,82.84,-0.404958678,38.76,0.78
2017-07-02-18,38.56,34.16,0.196204469,7.62,1.1
2017-07-02-19,36.39,33.789999,0.206917661,9.78,0.68
2017-07-02-20,33.48,32.59,0.257116621,19.81,0.86
2017-07-02-21,29.93,37.679999,0.305785124,29.43,1.66
2017-07-02-22,26.38,24.41,0.310988675,18.89,2.7
2017-07-02-23,23.56,23.6,0.160085706,13.72,1.93
2017-07-03-0,21.64,22.859999,-0.550045914,3.14,2.96
2017-07-03-1,19.73,20.83,-0.613100704,2.19,1.1
2017-07-03-2,18.5,19.59,-0.624426079,2.45,1.59
2017-07-03-3,17.48,18.31,-0.621059076,1.01,1.11
2017-07-03-4,17.4,18.6,-0.513621059,0.74,1.02
2017-07-03-5,18.1,19.599999,0.281603918,3.25,1.16
2017-07-03-6,19.57,20.78,0.322620141,5.57,1.45
2017-07-03-7,21.74,21.630001,0.245485155,3.75,1.13
2017-07-03-8,23.52,24.379999,0.270890725,8.62,1.13
2017-07-03-9,26.11,30.6,0.204468932,14.93,2.13
2017-07-03-10,30.9,31.129999,0.17875727,15.02,1.8
2017-07-03-11,35.76,32.07,0.093051729,17.12,2.45
2017-07-03-12,37.47,73.07,0.236914601,63.62,0.96
2017-07-03-13,40.35,31.79,0.125497398,2.33,0.42
2017-07-03-14,42.08,36.43,-0.562901745,7.52,1.24
2017-07-03-15,45.76,40.57,-0.610345883,6.84,0
2017-07-03-16,48.1,60.370001,-0.61707989,26.23,0
2017-07-03-17,45.43,40.44,-0.418732782,2.88,0
2017-07-03-18,39.87,33.280001,0.215794307,1.01,0.59
2017-07-03-19,36.65,30.530001,0.199265381,4.44,0.26
2017-07-03-20,34.27,30.45,0.217936945,13.87,1.09
2017-07-03-21,30.63,28.200001,0.317722681,13.93,2.2
2017-07-03-22,25.76,25.55,0.27701255,8.6,2.45
2017-07-03-23,23.79,23.76,0.112029385,7.49,3.05
2017-07-04-0,20.79,22.97,-0.59442914,5.06,1.28
2017-07-04-1,19.72,21.589999,-0.524334252,5.37,0
2017-07-04-2,18.56,20.949999,-0.616161616,4.4,0
2017-07-04-3,16.82,17.63,-0.569635751,18.63,0
2017-07-04-4,16.26,19.27,-0.528619529,10.66,1.59
2017-07-04-5,15.37,19.76,0.231098867,9.32,1.54
2017-07-04-6,14.99,17.64,0.318334864,17.84,1.32
2017-07-04-7,18.23,20.16,0.334863789,14.08,1
2017-07-04-8,21.28,20.720001,0.200183655,5.89,2
2017-07-04-9,23.07,22.26,0.180287726,19.09,2.98
2017-07-04-10,24.9,25.72,0.273033364,10.38,1.76
2017-07-04-11,27.45,59.949999,0.318334864,78.32,1.71
2017-07-04-12,29.3,56.68,0.263238445,74.92,1.12
2017-07-04-13,32.19,36.51,0.148148148,20.77,0.76
2017-07-04-14,32.64,39.46,-0.442607897,25.12,1.05
2017-07-04-15,37.13,34.25,-0.560146924,14.91,0.77
2017-07-04-16,37.91,32.59,-0.587082951,18.13,0.99
2017-07-04-17,37.78,40.89,-0.489133762,12.91,0
2017-07-04-18,33.43,28.11,0.21150903,4.38,0
2017-07-04-19,31.99,26.02,0.170186716,10.49,1.18
2017-07-04-20,28.35,24.28,0.267217631,9.39,1.82
2017-07-04-21,27.33,23.29,0.229568411,8.98,1.18
2017-07-04-22,24.57,22.57,0.238445057,7.79,1.67
2017-07-04-23,22.8,21,0.127640037,8.07,1.42
2017-07-05-0,21.08,19.51,-0.552800735,4.98,0.1
2017-07-05-1,20.02,19.96,-0.565044383,3.83,2.23
2017-07-05-2,18.58,17.19,-0.61952862,6.24,0.1
2017-07-05-3,17.42,16.09,-0.581573309,6.34,0.61
2017-07-05-4,17.78,16.93,-0.482399755,3.1,1.42
2017-07-05-5,18.6,18.479999,0.263238445,9.03,1.48
2017-07-05-6,20.25,21.35,0.218855219,5.19,0.84
2017-07-05-7,21.84,21.35,0.283134374,5.14,1.04
2017-07-05-8,23.25,23.36,0.232629324,7.42,1.28
2017-07-05-9,25.7,25.87,0.261707989,10.47,1.83
2017-07-05-10,28.53,28.66,0.299969391,12.81,1.99
2017-07-05-11,31.55,51.98,0.245791246,62.25,1.84
2017-07-05-12,35.39,52.38,0.273033364,28.33,0.47
2017-07-05-13,37.95,67.58,0.314355678,67.89,0.47
2017-07-05-14,39.69,41.139999,-0.551270279,6.17,0
2017-07-05-15,41.47,33.76,-0.618304255,0.05,0
2017-07-05-16,45.01,38.9,-0.626568717,2.72,0
2017-07-05-17,42,35.55,-0.416896235,1.42,0
2017-07-05-18,39.42,34.62,0.201714111,6.12,0.73
2017-07-05-19,35.48,28.779999,0.179675543,2.21,0.45
2017-07-05-20,34.51,29.76,0.235078053,15.56,2.18
2017-07-05-21,29.92,28.89,0.301805938,14.92,1.63
2017-07-05-22,25.24,24.96,0.313437404,11.02,1.08
2017-07-05-23,23.08,23.62,0.125191307,6.54,2.43
2017-07-06-0,20.82,21.09,-0.563513927,4.88,2.52
2017-07-06-1,19.8,20.71,-0.575757576,5.16,0.12
2017-07-06-2,18.82,20.09,-0.587082951,6.07,0.14
2017-07-06-3,17.96,19.15,-0.686868687,5.03,0.06
2017-07-06-4,18.18,19.369999,-0.403734313,9.84,1.67
2017-07-06-5,19.17,21.56,0.301499847,11.87,2.64
2017-07-06-6,21.09,22.01,0.307927762,6.97,1.81
2017-07-06-7,22.28,22.93,0.232935415,10.38,1.72
2017-07-06-8,24.05,24.25,0.330578512,6.08,2.22
2017-07-06-9,25.76,25.4,0.281603918,11.17,1.95
2017-07-06-10,29.53,29.790001,0.256198347,17.72,1.95
2017-07-06-11,33.87,29.19,0.202326293,21.14,1.2
2017-07-06-12,34.87,31.67,0.225589226,3.93,0.94
2017-07-06-13,37.34,37.03,0.136210591,11.4,1.6
2017-07-06-14,39.3,58.91,-0.487297215,16.44,0
2017-07-06-15,40.67,93.48,-0.501989593,25.25,0
2017-07-06-16,41.73,34.92,-0.642179369,0.38,0
2017-07-06-17,41.56,36.96,-0.37771656,3.1,0
2017-07-06-18,35.52,41.679999,0.278849097,13.84,0.16
2017-07-06-19,32.96,36.61,0.215794307,19.77,1.33
2017-07-06-20,32.04,28.570001,0.194367922,7.39,1.04
2017-07-06-21,30.19,29.99,0.229874503,16.61,1.33
2017-07-06-22,24.85,24.44,0.15120906,10.57,0.82
2017-07-06-23,23.06,22.360001,0.136822773,7.13,2.05
2017-07-07-0,21.23,20.13,-0.560759106,9.59,0.51
2017-07-07-1,19.79,20.42,-0.563820018,3.8,1.57
2017-07-07-2,18.74,18.98,-0.585858586,3.89,0.97
2017-07-07-3,17.72,18.489999,-0.601469238,4.75,0
2017-07-07-4,17.8,18.12,-0.463116009,5.03,0.16
2017-07-07-5,18.92,20.71,0.309458219,5.55,2.4
2017-07-07-6,20.21,21.45,0.211815121,7.28,0.66
2017-07-07-7,21.53,22.53,0.277624732,10.78,2.07
2017-07-07-8,22.83,22.809999,0.310682583,13.35,2.25
2017-07-07-9,24.94,25.72,0.255586165,11.75,2.11
2017-07-07-10,27.97,27.37,0.205387205,13.2,1.05
2017-07-07-11,32.51,44.27,0.198653199,46.31,0.75
2017-07-07-12,34.07,29.55,0.217936945,15.71,0.69
2017-07-07-13,36.27,30.819999,0.118151209,7.14,1
2017-07-07-14,37.76,30.450001,-0.600550964,0.01,0
2017-07-07-15,39.97,33.09,-0.626874809,1.18,0
2017-07-07-16,42.35,39.88,-0.654729109,7.48,0
2017-07-07-17,40.03,42.73,-0.416896235,9.63,0
2017-07-07-18,34.81,31.42,0.082950719,8.17,0.82
2017-07-07-19,30.51,27.66,0.242118151,7.94,1.92
2017-07-07-20,28.73,26.86,0.264156719,11.79,1.06
2017-07-07-21,27.99,25.56,0.252525253,8.69,1.23
2017-07-07-22,24.46,22.41,0.273339455,9.19,1.83
2017-07-07-23,21.83,19.61,0.209672482,9.85,1.72
2017-07-08-0,21.5,19.789999,-0.52647689,4.46,0.15
2017-07-08-1,20.61,19.01,-0.598102234,3.88,1.47
2017-07-08-2,19.46,17.92,-0.582185491,5.51,0.18
2017-07-08-3,18.22,16.89,-0.582797674,2.7,1.8
2017-07-08-4,17.95,16.48,-0.47352311,5.75,0.52
2017-07-08-5,17.93,16.27,0.307621671,5.37,0.98
2017-07-08-6,17.71,16.42,0.285583104,5.19,0.81
2017-07-08-7,19.65,18.81,0.259871442,3.96,0.7
2017-07-08-8,22.08,20.949999,0.243954699,6.1,0.81
2017-07-08-9,23.67,22.12,0.312825222,5.01,0.66
2017-07-08-10,26.04,25.35,0.293235384,7.57,1.82
2017-07-08-11,30.22,26.44,0.180899908,11.59,1.64
2017-07-08-12,31.36,26.86,0.284358739,9.97,0.72
2017-07-08-13,33.1,30.54,0.098867463,13.46,1.26
2017-07-08-14,34.03,29.97,-0.570554025,4.65,0.1
2017-07-08-15,35.33,30.46,-0.590143863,0.26,0
2017-07-08-16,38.53,58.93,-0.627486991,19.86,0
2017-07-08-17,37.58,37.830001,-0.415977961,1.83,0
2017-07-08-18,34.07,47.29,0.224977043,31.9,0
2017-07-08-19,30.3,37.58,0.291704928,33.99,1.55
2017-07-08-20,28.21,24.33,0.300275482,10.46,1.39
2017-07-08-21,26.58,24.47,0.302112029,8.81,2.18
2017-07-08-22,23.73,22.21,0.213957759,8.62,1.64
2017-07-08-23,21.2,20.49,0.121212121,8.98,3.01
2017-07-09-0,19.65,20.95,-0.742271197,8.26,1.89
2017-07-09-1,18.96,19.67,-0.646158555,8.66,2.24
2017-07-09-2,18.2,18.2,-0.610651974,3.73,0.14
2017-07-09-3,16.39,17.64,-0.585858586,3.7,3.12
2017-07-09-4,14.62,15.28,-0.556167738,6.24,0.78
2017-07-09-5,13.45,13.84,0.283134374,6.93,1.99
2017-07-09-6,9.23,12.31,0.282522192,14.29,1.13
2017-07-09-7,13.97,17.37,0.3275176,6.29,1.79
2017-07-09-8,19.53,17.1,0.335782063,7.46,1.42
2017-07-09-9,20.76,20.64,0.268135904,11.24,0.83
2017-07-09-10,22.09,20.66,0.272727273,8.68,0.8
2017-07-09-11,23.85,22.09,0.283134374,6.12,1.19
2017-07-09-12,25.37,23.489999,0.315580043,6.98,1.41
2017-07-09-13,27.01,25.67,0.129170493,8.99,1.8
2017-07-09-14,29.74,26.53,-0.555555556,11.13,1.16
2017-07-09-15,30.14,28.2,-0.615243343,6.36,0
2017-07-09-16,33.34,29.880001,-0.6271809,7.35,0
2017-07-09-17,34.08,36.03,-0.48362412,10.81,0.08
2017-07-09-18,32.12,30.08,0.210590756,14.31,1.72
2017-07-09-19,30.21,28.48,0.275788185,13.01,1.53
2017-07-09-20,27.81,25.17,0.300275482,9.23,2.2
2017-07-09-21,26.07,24.63,0.224977043,8.91,1.89
2017-07-09-22,23.03,21.83,0.246403428,7.96,1.97
2017-07-09-23,21.09,18.46,0.155800429,12.96,2.19
2017-07-10-0,18.67,16.81,-0.529843893,6.51,1.29
2017-07-10-1,17.77,15.14,-0.518518519,6.34,0.54
2017-07-10-2,16.98,14.37,-0.537496174,4.07,5.55
2017-07-10-3,14.84,13.719999,-0.572390572,3.83,2.98
2017-07-10-4,15.75,14.23,-0.371288644,3.8,1.23
2017-07-10-5,17.45,17.02,0.336700337,6.58,3.13
2017-07-10-6,18.76,16.71,0.355371901,6.8,1.73
2017-07-10-7,20.76,18.78,0.291704928,7.26,1.36
2017-07-10-8,22.25,19.17,0.248546067,5.24,1.59
2017-07-10-9,24.49,22.480001,0.262626263,14.01,2.04
2017-07-10-10,27.91,25.01,0.203856749,8.23,2.03
2017-07-10-11,32.3,25.309999,0.369146006,9.61,1.74
2017-07-10-12,35.24,27.99,0.34006734,11.05,1.57
2017-07-10-13,38.15,30.39,0.262626263,6.17,0.75
2017-07-10-14,41.12,31.5,-0.576063667,0.24,1.07
2017-07-10-15,42.78,48.66,-0.60208142,9.12,1.18
2017-07-10-16,45.58,46.91,-0.610958066,8.35,0.95
2017-07-10-17,46.92,111.63,-0.508111417,57.94,0.67
2017-07-10-18,40.7,52.61,0.213039486,25.21,0.89
2017-07-10-19,35.99,34.99,0.237832874,3.39,4.71
2017-07-10-20,36.17,36.41,0.265381084,19.61,4.97
2017-07-10-21,30.56,29.73,0.240587695,11.29,4.7
2017-07-10-22,25.15,25.64,0.309152127,7.59,4.79
2017-07-10-23,23.23,22.5,0.202938476,6.98,7.77
2017-07-11-0,21.23,19.95,-0.540250995,5.24,1.21
2017-07-11-1,20.28,20.32,-0.531068258,4.38,0.07
2017-07-11-2,19.35,19.22,-0.497092133,4.9,0.33
2017-07-11-3,18.62,18.6,-0.555555556,4.3,2.6
2017-07-11-4,18.71,18.71,-0.511478421,1.79,1.31
2017-07-11-5,19.63,20.37,0.253749617,4.62,1.12
2017-07-11-6,21.12,21.31,0.249770432,5,0.76
2017-07-11-7,22.32,23.36,0.359963269,3.75,5.03
2017-07-11-8,24.61,25.6,0.330272421,7.01,2.03
2017-07-11-9,26.72,26.17,0.22926232,9.2,3.55
2017-07-11-10,31.42,27.14,0.200795837,9.9,3.64
2017-07-11-11,35.7,29.54,0.181205999,10.23,4.59
2017-07-11-12,38.91,32.7,0.197122743,14.73,1.83
2017-07-11-13,41.1,31.68,0.08815427,0.73,0.88
2017-07-11-14,44.92,38.02,-0.613712886,6.69,0
2017-07-11-15,48.8,41.51,-0.628099174,13.21,0
2017-07-11-16,56.43,40.46,-0.544842363,6.72,0
2017-07-11-17,52.89,35.560001,-0.396082032,0.01,0
2017-07-11-18,43.65,36.89,0.235690236,8.33,4.13
2017-07-11-19,37.9,31.83,0.226507499,3.98,0.97
2017-07-11-20,36.27,30.28,0.187940006,1.58,0.66
2017-07-11-21,33.91,31.06,0.209978574,11.82,3.77
2017-07-11-22,26.76,26.009999,0.279461279,6.62,4.45
2017-07-11-23,24.56,24.3,0.171411081,5.19,6.8
2017-07-12-0,23.73,22.92,-0.609427609,6.27,0.17
2017-07-12-1,22.11,20.95,-0.588919498,3.22,0.13
2017-07-12-2,20.99,18.999999,-0.582797674,4.34,0.14
2017-07-12-3,20.05,18.58,-0.60697888,7.08,0.17
2017-07-12-4,19.8,19.17,-0.507499235,3.26,0.16
2017-07-12-5,20.92,20.95,0.268441996,2.77,3.98
2017-07-12-6,22.81,22.49,0.246709519,5,0.55
2017-07-12-7,24.8,22.409999,0.289868381,4.8,4.77
2017-07-12-8,25.85,23.289999,0.297520661,5.57,5.17
2017-07-12-9,29.03,24.91,0.22405877,5.94,4.79
2017-07-12-10,34.32,26.86,0.250382614,12.29,4.37
2017-07-12-11,39.16,27.8,0.374961739,10.67,1.11
2017-07-12-12,42.83,28.64,0.422405877,0.01,0
2017-07-12-13,44.93,29.84,0.195898378,6.81,0.77
2017-07-12-14,49.34,33.24,-0.646158555,0.01,0
2017-07-12-15,56.03,33.77,-0.611876339,0.01,0
2017-07-12-16,65.47,38.73,-0.616773799,0.01,0
2017-07-12-17,61.99,44.1,-0.436179982,0.84,0
2017-07-12-18,49.28,39.86,0.212427303,16.86,4.05
2017-07-12-19,41.43,40.39,0.232629324,16.34,3.69
2017-07-12-20,39.71,39.7,0.189164371,11.1,3.93
2017-07-12-21,37.53,41.52,0.225589226,30.42,3.96
2017-07-12-22,29.99,28.96,0.372206918,10.82,4.08
2017-07-12-23,26.31,25.62,0.104071013,6.98,5.19
2017-07-13-0,24.66,22.69,-0.56167738,4.95,0
2017-07-13-1,22.64,22.72,-0.617998163,4.36,0
2017-07-13-2,21.25,21.53,-0.588919498,3.39,0.13
2017-07-13-3,20.16,20.18,-0.601469238,4.11,0.08
2017-07-13-4,19.98,20.24,-0.384144475,2.8,0.07
2017-07-13-5,21.21,21.78,0.304254668,4.26,0.41
2017-07-13-6,22.82,23.34,0.265993266,5.79,0.73
2017-07-13-7,24.92,25.82,0.183042547,7.25,1.89
2017-07-13-8,26.91,26.92,0.208754209,6.27,1
2017-07-13-9,30.48,29.670001,0.218549128,9.46,5.08
2017-07-13-10,38.18,32,0.202326293,10.84,4.68
2017-07-13-11,41.6,50.56,0.288644016,46.01,2.95
2017-07-13-12,48.33,38.6,0.279767371,12,3.74
2017-07-13-13,51.32,43.39,0.171411081,9.84,6.5
2017-07-13-14,55.28,54.190001,-0.571166208,3.18,9.75
2017-07-13-15,56.38,38.21,-0.601469238,18.36,5.7
2017-07-13-16,63.53,42.68,-0.594735231,0,8.71
2017-07-13-17,59.51,37.69,-0.444444444,2.59,0.64
2017-07-13-18,48.19,39.88,0.189776553,5.45,4.29
2017-07-13-19,41.93,41.62,0.169268442,11.45,0.87
2017-07-13-20,38.85,37.04,0.230486685,15.6,1.42
2017-07-13-21,35.54,32.45,0.22405877,15.13,4.39
2017-07-13-22,29.88,27.289999,0.302112029,9.49,4.64
2017-07-13-23,25.47,24.38,0.132231405,3.57,4.5
2017-07-14-0,23.68,22.84,-0.558004285,3.52,2.12
2017-07-14-1,22.07,22.1,-0.587082951,11.38,0.18
2017-07-14-2,20.92,21.33,-0.576369758,4.67,0.09
2017-07-14-3,20.04,19.77,-0.594735231,4.19,0.14
2017-07-14-4,19.91,20.61,-0.471686563,5.06,0.06
2017-07-14-5,20.93,22.05,0.225895317,5.25,0.07
2017-07-14-6,22.25,22.86,0.36516682,2.82,3.95
2017-07-14-7,24.35,24.769999,0.2090603,9.62,4.26
2017-07-14-8,26.02,26.309999,0.270890725,4.39,4.67
2017-07-14-9,28.02,28.19,0.212121212,6.97,5.23
2017-07-14-10,32.32,33.59,0.21150903,34.63,6.07
2017-07-14-11,35.68,33.890001,0.213345577,17.5,5.49
2017-07-14-12,36.92,49.129999,0.215488215,29.08,0
2017-07-14-13,39.1,38.89,0.27211509,15.13,0
2017-07-14-14,39.96,37.64,-0.626874809,0,0
2017-07-14-15,41.17,58.98,-0.616467707,0.06,0
2017-07-14-16,42.6,30.53,-0.535965718,0.12,0
2017-07-14-17,41.5,30.6,-0.33761861,1.48,1.07
2017-07-14-18,36.08,33.62,0.208754209,4.81,0
2017-07-14-19,33.18,27.16,0.209978574,9.99,0.93
2017-07-14-20,30.58,26.910001,0.195898378,23.53,5.46
2017-07-14-21,28.71,27.12,0.205693297,7.48,4.51
2017-07-14-22,25.33,24.12,0.248546067,6.34,4.38
2017-07-14-23,22.92,20.23,0.238445057,5.53,5.41
2017-07-15-0,21.09,21.21,-0.350474441,5.95,0.14
2017-07-15-1,20.21,21.29,-0.604224059,5.09,0.54
2017-07-15-2,19.27,18.77,-0.565962657,2.97,0.58
2017-07-15-3,18.26,18.32,-0.539638812,4.71,0.81
2017-07-15-4,17.91,17.85,-0.457606367,4.1,1.03
2017-07-15-5,17.99,17.99,0.291398837,4.18,0.84
2017-07-15-6,17.55,16.79,0.265687175,6.27,0.49
2017-07-15-7,19.47,17.900001,0.338842975,4.29,0.78
2017-07-15-8,21.1,20.82,0.232017141,2.48,5.57
2017-07-15-9,22.75,22.18,0.26691154,0.8,4.76
2017-07-15-10,24.74,24.86,0.294153658,9.07,1.26
2017-07-15-11,27.32,27.97,0.243954699,6.35,4.65
2017-07-15-12,28.82,29.28,0.291704928,8.63,4.05
2017-07-15-13,29.99,30.27,0.159779614,21.07,7.39
2017-07-15-14,31.67,29.2,-0.261707989,9.88,0
2017-07-15-15,32.52,31.43,-0.625956535,10.57,2.55
2017-07-15-16,34.44,30.89,-0.546066728,1.8,0
2017-07-15-17,34.47,61.45,-0.500765228,38.83,0
2017-07-15-18,32.05,31.11,0.213039486,6.71,0.62
2017-07-15-19,29.98,29.93,0.290174472,9.41,5.27
2017-07-15-20,27.94,26.17,0.262626263,8.61,4.43
2017-07-15-21,26.65,26.81,0.302112029,7.72,4.79
2017-07-15-22,23.64,23.43,0.31986532,3.37,4.3
2017-07-15-23,21.41,20.01,0.145087236,6.62,4.58
2017-07-16-0,19.4,19.49,-0.502601775,4.06,0.14
2017-07-16-1,18.95,20.77,-0.550045914,4.93,1.4
2017-07-16-2,16.89,16.9,-0.590449954,7.56,0.17
2017-07-16-3,16.28,17.07,-0.609733701,4.98,1.64
2017-07-16-4,16.23,16.81,-0.429445975,4.18,1.03
2017-07-16-5,15.41,11.38,0.283134374,9.14,4.22
2017-07-16-6,14.4,5.54,0.258953168,11.63,4.85
2017-07-16-7,15.78,16.01,0.345883073,6.02,4.01
2017-07-16-8,19.09,18.950001,0.34251607,2.4,4.57
2017-07-16-9,21.19,20.94,0.323844506,3.68,5.34
2017-07-16-10,23.13,22.21,0.324456688,2.9,3.4
2017-07-16-11,25.03,24.84,0.241199878,6.1,5.21
2017-07-16-12,27.26,27.6,0.257116621,6.98,4.8
2017-07-16-13,28.37,31.66,0.194674013,16.42,7.32
2017-07-16-14,30.57,34.62,-0.557698194,18.92,0.88
2017-07-16-15,32.6,40.01,-0.636975819,16.98,0
2017-07-16-16,34.4,45.31,-0.470462198,21.24,0
2017-07-16-17,36.25,61.53,-0.494643404,41.52,0
2017-07-16-18,33.25,38.13,0.204162841,11.12,4.45
2017-07-16-19,31.69,44.91,0.309152127,26.08,3.52
2017-07-16-20,29.43,28.75,0.068564432,8.88,4.67
2017-07-16-21,27.83,28.99,0.273033364,16.56,6.5
2017-07-16-22,24.22,25.2,0.302112029,6.55,3.7
2017-07-16-23,21.76,21.1,0.130088766,5,4.39
2017-07-17-0,20.04,21.64,-0.517906336,4.74,2.45
2017-07-17-1,19.2,21.51,-0.519742883,5.36,1
2017-07-17-2,18.87,20.65,-0.584022039,7.99,0.13
2017-07-17-3,18.04,19.38,-0.626874809,3.16,0.77
2017-07-17-4,18.39,19.26,-0.493112948,2.93,1.05
2017-07-17-5,18.84,20.28,0.247627793,5.49,4.72
2017-07-17-6,20.95,20.75,0.264768901,7.15,3.84
2017-07-17-7,22.42,23.53,0.359351087,9.69,5.77
2017-07-17-8,23.73,25.59,0.174471993,4.45,4.57
2017-07-17-9,26.33,34.02,0.197122743,15.06,4.24
2017-07-17-10,30.02,40.03,0.232935415,23.98,3.29
2017-07-17-11,33.79,36.32,0.235690236,19.61,3.81
2017-07-17-12,36.39,57.3,0.198653199,34.7,4.39
2017-07-17-13,38.14,38.08,0.157943067,8.99,2.28
2017-07-17-14,42.56,51.59,-0.638506275,16.56,5.35
2017-07-17-15,43.05,60.93,-0.643403734,24.77,6.43
2017-07-17-16,43.95,52.71,-0.629935721,14.61,5.63
2017-07-17-17,42.87,69.55,-0.558922559,33.94,6.97
2017-07-17-18,37.1,44.32,0.210284665,12.84,4.08
2017-07-17-19,35.52,40.389999,0.21671258,24.44,0.67
2017-07-17-20,33.41,43.9,0.211815121,31.13,5.02
2017-07-17-21,30.09,36.63,0.067340067,26.11,3.64
2017-07-17-22,25.65,25.92,0.149678604,13.57,4.17
2017-07-17-23,23.04,23.31,0.238445057,11.1,5.26
2017-07-18-0,21.76,21.69,-0.509335782,7.25,1.45
2017-07-18-1,20.56,20.56,-0.58432813,2.22,0.82
2017-07-18-2,19.36,19.13,-0.604224059,3.24,0.51
2017-07-18-3,18.59,18.33,-0.625956535,3.21,0.73
2017-07-18-4,18.51,18.61,-0.626262626,1.95,1
2017-07-18-5,19.85,20.89,0.25956535,5.38,4.06
2017-07-18-6,21.6,21.259999,0.265993266,4.01,3.4
2017-07-18-7,22.3,22.7,0.173553719,2.69,4.5
2017-07-18-8,24.61,25.05,0.268135904,6.99,5.04
2017-07-18-9,27.48,28.25,0.214569942,14.56,4.2
2017-07-18-10,31.76,29.71,0.249158249,13.08,3.27
2017-07-18-11,36.09,37.56,0.251606979,29.3,3.27
2017-07-18-12,39.89,35.67,0.215488215,15.3,3.78
2017-07-18-13,41.61,38.670001,0.198347107,12.8,3
2017-07-18-14,42.9,51.189999,-0.47107438,16.89,0
2017-07-18-15,48.78,93.52,-0.625956535,59.27,4.51
2017-07-18-16,54.9,111.41,-0.747780839,83.98,2.04
2017-07-18-17,52.85,101.03,-0.723905724,68.3,3.72
2017-07-18-18,44.74,67.58,0.214569942,31.07,4.49
2017-07-18-19,41.25,51.48,0.218243036,21.18,2.93
2017-07-18-20,39.14,46.09,0.197122743,25.72,4.42
2017-07-18-21,35.41,48.98,0.119375574,39.98,3.89
2017-07-18-22,28.99,30.98,0.199571472,15.33,4.09
2017-07-18-23,25.35,29.45,0.25191307,14.92,6.38
2017-07-19-0,23.39,25.57,-0.498316498,1.37,6.74
2017-07-19-1,22.41,23.87,-0.581267218,3.12,1.01
2017-07-19-2,21.27,22.24,-0.595041322,3.64,0
2017-07-19-3,20.3,21.23,-0.617385981,1.79,1.04
2017-07-19-4,20.46,21.42,-0.550352005,1.58,1.28
2017-07-19-5,21.48,22.4,0.257116621,2.38,4.57
2017-07-19-6,22.54,24.1,0.224977043,7.46,0.47
2017-07-19-7,24.27,25.33,0.282828283,6.9,0.92
2017-07-19-8,26.49,32.22,0.227119682,11.84,3.5
2017-07-19-9,30.85,33.62,0.277930823,14.34,3.44
2017-07-19-10,34.61,36.85,0.400979492,23.33,8.92
2017-07-19-11,41.08,41.369999,0.30731558,22.45,2.85
2017-07-19-12,44.11,51.81,0.228344047,20.13,1.08
2017-07-19-13,46.19,52.25,0.260789715,58.71,3.66
2017-07-19-14,49.28,63.42,-0.534741353,19.99,5.23
2017-07-19-15,52.8,115.62,-0.625038261,79.68,0
2017-07-19-16,61.07,156.65,-0.626262626,125.11,3.98
2017-07-19-17,58.98,59.21,-0.626262626,18.78,0
2017-07-19-18,50.07,69.51,0.211815121,33.91,3.27
2017-07-19-19,45.1,70.86,0.205693297,48.72,2.84
2017-07-19-20,42.22,59.25,0.116314662,36.46,1.18
2017-07-19-21,38.18,70.19,-0.064891338,49.36,3.14
2017-07-19-22,31.62,34.32,0.227425773,18.54,4.91
2017-07-19-23,27.81,29.75,0.221916131,10.32,4.82
2017-07-20-0,25.65,26.75,-0.464340373,4.18,1.39
2017-07-20-1,23.51,22.83,-0.590449954,18.84,1.21
2017-07-20-2,22.07,22.160001,-0.618916437,1.7,0.69
2017-07-20-3,21.13,21.179999,-0.622895623,0.42,0.65
2017-07-20-4,20.96,21,-0.622589532,0.82,1.08
2017-07-20-5,21.81,22.89,0.23171105,11.34,0.96
2017-07-20-6,23.61,24.8,0.273339455,4.57,1.06
2017-07-20-7,26.64,28.59,0.215794307,8.59,4.96
2017-07-20-8,31.22,32.58,0.249158249,12.81,5.06
2017-07-20-9,36.63,33.91,0.214263851,11.22,4.52
2017-07-20-10,46.57,41.48,0.182124273,18.69,3.88
2017-07-20-11,50.51,36.99,0.185185185,3.84,3.11
2017-07-20-12,55.06,60.57,0.216100398,12.97,4.03
2017-07-20-13,67.33,67.81,0.228956229,23.01,3.78
2017-07-20-14,77.31,64.57,0.510254056,23.4,3.21
2017-07-20-15,93.53,53.7,0.215794307,20.82,3.18
2017-07-20-16,108.87,72.6,0.278236915,43.45,3.14
2017-07-20-17,114.03,86.06,0.243342516,34.83,0.88
2017-07-20-18,81.57,78.219999,0.212121212,32.96,0.69
2017-07-20-19,59.12,40.51,0.217018672,0.23,0.72
2017-07-20-20,52.01,39.260001,0.215794307,1.78,0.82
2017-07-20-21,48.01,41.29,0.004591368,24.43,5
2017-07-20-22,36.79,33.76,0.228650138,19.1,4.98
2017-07-20-23,31.23,30.08,0.367309458,14.96,5.18
2017-07-21-0,26.5,25.91,-0.51882461,6.86,1.01
2017-07-21-1,24.51,24.47,-0.611264157,4.79,2.75
2017-07-21-2,22.85,22.89,-0.613406795,3.6,1.49
2017-07-21-3,21.75,21.94,-0.61463116,2.86,1.82
2017-07-21-4,21.44,21.650001,-0.617998163,2.18,1.17
2017-07-21-5,22.46,23.55,0.335782063,5.97,1.26
2017-07-21-6,24.43,24.73,0.266299357,5.83,0.75
2017-07-21-7,26.2,27.54,0.280685644,6.05,4.84
2017-07-21-8,30.37,30.040001,0.269666361,11.11,1.11
2017-07-21-9,34.18,29.86,0.198653199,4.93,5.17
2017-07-21-10,42.32,34.24,0.202326293,10.75,5.69
2017-07-21-11,50.35,34.44,0.215794307,5.7,4.7
2017-07-21-12,53.11,35.5,0.212427303,0,4.57
2017-07-21-13,58.89,51.87,0.205999388,8.77,4.32
2017-07-21-14,66.23,41.45,0.219773493,0.11,3.67
2017-07-21-15,74.26,48.81,0.239057239,0.5,3.89
2017-07-21-16,87.59,51.440001,0.246097337,5.8,0.55
2017-07-21-17,73.25,67.08,0.151515152,16.34,0.65
2017-07-21-18,59.8,68.6,0.214569942,22.25,0.55
2017-07-21-19,50.04,48.15,0.175390266,10.52,0.51
2017-07-21-20,45.83,55.830001,0.108968473,33.53,1.83
2017-07-21-21,42.74,59.39,0.215488215,55.34,6.97
2017-07-21-22,34.11,33.74,0.230180594,19.36,4.55
2017-07-21-23,29.91,27.35,0.179063361,6.26,4.99
2017-07-22-0,25.36,24.89,-0.412610958,4.34,2.81
2017-07-22-1,23.73,23.99,-0.545760637,1.5,3.33
2017-07-22-2,23.01,23.670001,-0.745026018,0.28,7.49
2017-07-22-3,21.76,22.469999,-0.600244873,4.44,0
2017-07-22-4,20.82,21.44,-0.566880931,2.92,0.56
2017-07-22-5,20.7,22.07,0.199571472,0.81,3.85
2017-07-22-6,20.68,21.85,0.247321702,4.15,0.7
2017-07-22-7,22.17,23.66,0.311600857,4.76,4.24
2017-07-22-8,24.6,25.06,0.275176002,4.27,4.12
2017-07-22-9,27.81,27.24,0.310070401,5.54,5.16
2017-07-22-10,33.54,28.98,0.257728803,10.87,2.91
2017-07-22-11,40.06,43.400001,0.210284665,106.06,1.68
2017-07-22-12,43.83,50.72,0.210284665,21.7,0.56
2017-07-22-13,46.29,34.569999,0.216100398,1.08,2.48
2017-07-22-14,50.01,47.700001,0.223140496,11.93,3.86
2017-07-22-15,53.74,39.5,0.218243036,4.4,3.74
2017-07-22-16,54.52,41.079999,0.218855219,2.6,4.76
2017-07-22-17,52.43,48.18,0.177226814,10.21,4.2
2017-07-22-18,45.81,34.139999,0.215794307,0.09,4.61
2017-07-22-19,40.94,31.68,0.215794307,1.08,0.53
2017-07-22-20,34.91,31.87,0.215794307,1.09,0.71
2017-07-22-21,34.97,34.26,0.239057239,17.28,4.32
2017-07-22-22,29.15,27.18,0.215794307,11.88,5.66
2017-07-22-23,26.02,25.01,0.236608509,4.7,4.33
2017-07-23-0,24.62,22.86,-0.359963269,3.86,4.18
2017-07-23-1,23.14,22.78,-0.594735231,3.74,1.63
2017-07-23-2,22.36,22.4,-0.597183961,3.99,1.89
2017-07-23-3,21.36,21.85,-0.601469238,2.97,0.99
2017-07-23-4,20.3,20.8,-0.61707989,2.61,0.89
2017-07-23-5,19.8,20.26,0.215488215,6.06,0.91
2017-07-23-6,19.41,19.85,0.228037955,6.53,0.67
2017-07-23-7,20.5,21.61,0.27456382,0.94,4.61
2017-07-23-8,22.99,23.79,0.220385675,2.5,4.43
2017-07-23-9,24.84,24.74,0.260177533,3.35,4.44
2017-07-23-10,28.63,27.92,0.293235384,5.98,4.94
2017-07-23-11,33.6,31.3,0.284052648,10.66,5
2017-07-23-12,36.39,33.97,0.160085706,12.94,5.09
2017-07-23-13,37.26,30.4,0.185491276,1.22,0.86
2017-07-23-14,40.63,34.649999,-0.49617386,2.1,1
2017-07-23-15,42.79,36.360001,-0.526782981,3.01,0
2017-07-23-16,45.23,52.53,-0.660544842,22.14,0
2017-07-23-17,45.3,29.400001,-0.565350474,0.1,0
2017-07-23-18,41.09,31.680001,0.322620141,10.06,4.32
2017-07-23-19,37.66,32.14,0.215182124,2.04,0.47
2017-07-23-20,36.87,28.560001,0.217324763,8.52,4.5
2017-07-23-21,34.31,27.150001,0.274257729,8.08,3.76
2017-07-23-22,28.53,24.37,0.302112029,6.01,4.08
2017-07-23-23,25.38,23.3,0.207223753,3.39,4.84
2017-07-24-0,23.41,22.7,-0.526170799,3.99,1.74
2017-07-24-1,22.12,21.51,-0.537802265,2.5,1.38
2017-07-24-2,20.68,19.44,-0.569023569,3.21,0.35
2017-07-24-3,19.48,18.46,-0.614325069,3.29,0.67
2017-07-24-4,19.49,19.28,-0.565962657,2.03,0.81
2017-07-24-5,20.84,20.85,0.224977043,1.66,4.32
2017-07-24-6,22.52,23.09,0.22926232,3.35,4.95
2017-07-24-7,23.69,23.37,0.241199878,3.73,4.15
2017-07-24-8,26.02,23.96,0.243342516,2.65,4.17
2017-07-24-9,28.13,26.28,0.245485155,4.08,4.11
2017-07-24-10,31.85,26.8,0.250382614,8.37,1.26
2017-07-24-11,36.18,26.819999,0.263544536,6.53,1.4
2017-07-24-12,37.6,28.07,0.243954699,1.98,0.67
2017-07-24-13,40.84,29.83,0.212733395,0.81,0.74
2017-07-24-14,44.71,36.62,-0.576063667,5.22,0
2017-07-24-15,47.75,37.57,-0.019895929,13.71,3.1
2017-07-24-16,49,39.01,0.221303949,10.84,4.91
2017-07-24-17,47.23,36.76,0.19895929,13.9,5.45
2017-07-24-18,41.25,29.86,0.220691766,0.93,0.68
2017-07-24-19,37,26.19,0.213039486,0.77,0.56
2017-07-24-20,35.8,25.28,0.23415978,9.7,5.2
2017-07-24-21,32.87,24.28,0.251606979,4.55,4.8
2017-07-24-22,26.57,22.420001,0.254055709,4.58,4.59
2017-07-24-23,23.29,19.89,0.204775023,4.23,4.73
2017-07-25-0,20.41,20.53,-0.4634221,7.65,0.99
2017-07-25-1,19.58,20.539999,-0.601775329,4.17,3.25
2017-07-25-2,18.61,19.48,-0.610039792,5.42,0.67
2017-07-25-3,17.84,18.649999,-0.631160086,5.2,0.76
2017-07-25-4,18.08,18.9,-0.531068258,2.33,1.13
2017-07-25-5,19.95,20.22,0.225589226,4.62,2.63
2017-07-25-6,21,19.51,0.217630854,5.75,3.98
2017-07-25-7,21.78,21.66,0.223446587,7.07,4.37
2017-07-25-8,23.38,22.55,0.240893786,2.57,4.47
2017-07-25-9,24.89,22.759999,0.289868381,8.23,5.07
2017-07-25-10,27.25,25.309999,0.205387205,16.63,5.22
2017-07-25-11,28.98,27.74,0.202020202,13.8,1.53
2017-07-25-12,30.5,34.999999,0.224670952,30.38,4.19
2017-07-25-13,33.75,29.650001,0.159473523,1.14,1.05
2017-07-25-14,33.96,50.72,0.042240588,31.37,0.88
2017-07-25-15,39.37,36.269999,0.034588307,7.86,0.75
2017-07-25-16,41.43,55.04,0.149372513,41.19,6.22
2017-07-25-17,43.01,28.690001,-0.044689317,1.18,0.85
2017-07-25-18,34.52,35.98,0.197122743,14.65,0.72
2017-07-25-19,33.17,33.56,0.225283134,21.5,0.37
2017-07-25-20,31.69,27.17,0.263238445,8.74,4.82
2017-07-25-21,27.94,26.360001,0.251606979,7.85,4.51
2017-07-25-22,23.79,21.02,0.264156719,6.86,3.95
2017-07-25-23,21.54,18.96,0.185797368,6.2,5.44
2017-07-26-0,19.26,16.4,-0.578206305,9.89,0.13
2017-07-26-1,17.38,16.02,-0.582185491,8.65,2.63
2017-07-26-2,16.73,17.200001,-0.540863177,4.39,3.91
2017-07-26-3,15.57,15.050001,-0.589225589,6.26,0.14
2017-07-26-4,16.1,16.99,-0.625956535,4.59,1.66
2017-07-26-5,18.08,19.97,0.22161004,3.46,4.74
2017-07-26-6,19.92,20.35,0.229874503,7.56,4.08
2017-07-26-7,20.81,20.82,0.178451178,9.83,4.12
2017-07-26-8,21.93,20.94,0.238445057,7.92,4.28
2017-07-26-9,23.87,23.71,0.272421182,22.01,4.76
2017-07-26-10,26.5,27.03,0.205999388,20.01,2.61
2017-07-26-11,32.32,31.760001,0.183042547,18.58,4.27
2017-07-26-12,34.5,57.16,0.232323232,74.57,3.98
2017-07-26-13,36.78,104.48,0.156412611,175.57,4.98
2017-07-26-14,40.74,35.07,0.012243649,25.47,0.63
2017-07-26-15,43.59,74.260001,-0.007040098,63.62,0.76
2017-07-26-16,47.73,39.660001,0.119681665,23.4,0.59
2017-07-26-17,47.83,36.06,0.354147536,7.88,0.72
2017-07-26-18,43.08,36.65,0.204775023,4.93,0.6
2017-07-26-19,37,28.36,0.21150903,1.1,0.84
2017-07-26-20,37.03,37.95,0.145087236,33.75,5.13
2017-07-26-21,33.02,48.82,0.237526783,54.57,6.06
2017-07-26-22,25.54,23.900001,0.220691766,14.97,4.19
2017-07-26-23,23.13,23.319999,0.191000918,7.16,4.77
2017-07-27-0,20.59,20.81,-0.488521579,6.1,1.33
2017-07-27-1,19.25,20.17,-0.197734925,10.72,1.81
2017-07-27-2,18.44,19.66,-0.543005816,4.82,0
2017-07-27-3,17.69,18.79,-0.55677992,5.28,0.1
2017-07-27-4,18.06,17.21,-0.421487603,5.48,0.61
2017-07-27-5,19.42,19.509999,0.335169881,5.92,4.62
2017-07-27-6,20.34,20.43,0.328435874,4.24,4.05
2017-07-27-7,21.59,21,0.340373431,4.88,4.55
2017-07-27-8,23.33,22.680001,0.2090603,5.48,4.51
2017-07-27-9,25.91,27.86,0.202326293,13.28,4.17
2017-07-27-10,29.53,157.31,0.237220692,328.77,3.55
2017-07-27-11,33.72,28.43,0.194367922,30.16,1.32
2017-07-27-12,35.71,28.52,0.158249158,13.24,4.16
2017-07-27-13,38.58,33.8,0.199265381,2.2,5.51
2017-07-27-14,41.59,49.23,-0.537802265,25.81,0
2017-07-27-15,43.37,33.48,0.187021732,19.29,0.97
2017-07-27-16,46.89,38.22,-0.562289562,2.15,5.78
2017-07-27-17,44.59,31.07,-0.626262626,0.08,6.64
2017-07-27-18,37.9,30.160001,0.230486685,5.68,0.65
2017-07-27-19,34.7,71.64,0.215488215,64.06,0.77
2017-07-27-20,34.6,28.72,0.210590756,7.43,5.83
2017-07-27-21,32.44,28.82,0.218243036,15.61,4.24
2017-07-27-22,25.68,24.450001,0.215794307,19.62,5.09
2017-07-27-23,23.12,22.94,0.142944597,7.16,5.09
2017-07-28-0,21.31,21.3,-0.509029691,5.73,0
2017-07-28-1,20.42,21.5,-0.578206305,4.97,2.23
2017-07-28-2,19.09,20.19,-0.586470768,7.36,0.99
2017-07-28-3,18.39,19.25,-0.615243343,2.79,0.09
2017-07-28-4,18.48,19.41,-0.562595654,5.79,0.1
2017-07-28-5,20.19,21.53,0.226201408,3.76,5
2017-07-28-6,21.71,22.19,0.190388736,4.01,5.32
2017-07-28-7,22.95,23.36,0.217936945,2.89,5.1
2017-07-28-8,23.74,25.94,0.219467401,5.16,5.21
2017-07-28-9,26.61,30.31,0.184266912,11.74,4.71
2017-07-28-10,30.87,30.29,0.13865932,17.25,5.31
2017-07-28-11,33.18,30.56,0.200489746,4.61,6.96
2017-07-28-12,33.94,54.4,0.229568411,31.13,5.01
2017-07-28-13,35.33,31.93,0.160697888,5.35,7.59
2017-07-28-14,34.94,42.29,-0.571472299,11.57,0
2017-07-28-15,35.62,34,-0.586164677,3.05,0
2017-07-28-16,35.94,35.03,-0.60453015,3.66,0
2017-07-28-17,34.6,36.41,-0.563820018,5.45,0
2017-07-28-18,31.46,28.77,0.255892256,7.25,4.66
2017-07-28-19,28.51,28.18,0.254055709,19.31,15.61
2017-07-28-20,26.82,26.93,0.135598408,6.74,4.77
2017-07-28-21,25.89,25.57,0.270890725,18.59,6.46
2017-07-28-22,22.95,22.11,0.194980104,3.91,3.73
2017-07-28-23,21.06,20.68,0.162228344,10.43,3.03
2017-07-29-0,20.16,21.22,-0.540863177,7.28,0.1
2017-07-29-1,18.47,21.28,-0.599632691,3.95,0.14
2017-07-29-2,17.22,20.53,-0.575451485,8.38,0.89
2017-07-29-3,15.78,18.63,-0.618304255,6.3,0
2017-07-29-4,15.63,19.419999,-0.555249464,7.24,0.1
2017-07-29-5,15.62,19.06,0.191613101,3.63,4.47
2017-07-29-6,15.88,18.63,0.221303949,6.39,0.77
2017-07-29-7,17.4,16.300001,0.231404959,5.17,3.47
2017-07-29-8,19.93,19.860001,0.240893786,4.23,4.54
2017-07-29-9,20.8,21.37,0.269054178,4.46,4.39
2017-07-29-10,22.91,22.58,0.28711356,3.93,4.37
2017-07-29-11,24.26,22.4,0.228956229,5.45,4.37
2017-07-29-12,24.48,22.76,0.284970921,3.68,4.85
2017-07-29-13,24.99,23.22,0.253749617,3.35,5.92
2017-07-29-14,25.56,23.7,-0.569635751,4.75,2
2017-07-29-15,25.48,24.81,-0.623201714,9.63,0
2017-07-29-16,25.8,25.09,-0.605142332,8.97,0
2017-07-29-17,25.79,27.73,-0.55922865,3.08,0
2017-07-29-18,25.37,29.229999,0.220997857,12.74,4.77
2017-07-29-19,25.39,25.440001,0.218855219,6.13,6.34
2017-07-29-20,24.34,22.97,0.240893786,4.85,5.03
2017-07-29-21,23.29,22.670001,0.220385675,3.74,5.22
2017-07-29-22,20.85,19.66,0.224670952,6.78,4.64
2017-07-29-23,17.91,16.89,0.271196817,7.11,4.73
2017-07-30-0,22.61,21.25,-0.436486073,4.5,3.37
2017-07-30-1,20.39,19.64,-0.615855525,7.09,0.86
2017-07-30-2,19.22,18.6,-0.61707989,4.94,1.51
2017-07-30-3,18.46,18.22,-0.625956535,6.59,0.06
2017-07-30-4,18.42,18.340001,-0.625956535,3.72,2.21
2017-07-30-5,19.73,18.99,0.167737986,8,4.14
2017-07-30-6,21.57,20.56,0.299051117,69.34,4.21
2017-07-30-7,23.15,22.420001,0.307621671,50.58,4.09
2017-07-30-8,25.47,27.31,0.271196817,49.97,4.42
2017-07-30-9,27.46,26.39,0.260483624,4.49,3.85
2017-07-30-10,32.53,28.93,0.234771962,1.06,4.84
2017-07-30-11,36.09,29.569999,0.248546067,6.79,2.98
2017-07-30-12,38.65,33.84,0.233853688,15.16,4.45
2017-07-30-13,43.74,43.54,0.179675543,23.61,5.11
2017-07-30-14,46.7,42.55,-0.536271809,86.9,3.42
2017-07-30-15,49.75,47.32,-0.611570248,7.84,7.82
2017-07-30-16,54.05,37.77,-0.606366697,48.69,4.61
2017-07-30-17,51.42,33.489999,-0.636363636,50.12,4.63
2017-07-30-18,45.08,31.33,0.185185185,72.25,6.24
2017-07-30-19,39.01,29.28,0.258953168,9.41,6.18
2017-07-30-20,38.91,29.65,0.26201408,22.66,5.76
2017-07-30-21,36.18,29.780001,0.233241506,16.37,4.36
2017-07-30-22,28.08,26.560001,0.35016835,7.49,5.13
2017-07-30-23,24.83,23.56,0.179675543,6.96,4.7
2017-07-31-0,18.53,18.26,-0.507193144,5.06,0.11
2017-07-31-1,17.77,18.6,-0.588307316,11.6,1.82
2017-07-31-2,17.11,16.79,-0.587695133,4.12,0.15
2017-07-31-3,16.23,16.559999,-0.597490052,4.75,0.12
2017-07-31-4,16.9,16.960001,-0.467095194,6.89,0.75
2017-07-31-5,17.78,18.6,0.215794307,2.27,4.96
2017-07-31-6,19.62,19.239999,0.24181206,3.4,4.12
2017-07-31-7,21.17,20.94,0.215488215,9.29,5.17
2017-07-31-8,23.18,22.52,0.32996633,10.03,5.57
2017-07-31-9,25.59,24.42,0.24181206,10.09,4.63
2017-07-31-10,29.79,30.66,0.285583104,17.78,4.79
2017-07-31-11,33.31,31.09,0.357514539,17.45,4.55
2017-07-31-12,38.82,27.52,0.21150903,3.95,7.4
2017-07-31-13,40.46,33.34,0.203244567,5.66,5.39
2017-07-31-14,42.44,39.52,-0.503213958,10.47,10.36
2017-07-31-15,44.46,58.89,-0.613100704,34.11,0
2017-07-31-16,48.44,96.78,-0.630547903,64.36,4.07
2017-07-31-17,49.35,61.26,-0.575145393,29.73,4.81
2017-07-31-18,44.68,45.7,0.179981635,16.47,5.8
2017-07-31-19,38.76,52.97,0.101316192,34.33,4.86
2017-07-31-20,37.57,45.46,0.186715641,26.72,6.12
2017-07-31-21,33.69,32.9,0.220691766,20.51,4.1
2017-07-31-22,26.01,26.86,0.162840526,13.59,4.63
2017-07-31-23,23.58,23.930001,0.225895317,12.58,5.54
2017-08-01-0,22.61,21.25,-0.493112948,2.84,7.03
2017-08-01-1,20.39,19.64,-0.586470768,6.73,0.07
2017-08-01-2,19.22,18.6,-0.509947964,6.67,0.95
2017-08-01-3,18.46,18.22,-0.635445363,2.44,0.91
2017-08-01-4,18.42,18.340001,-0.631160086,2.45,0.48
2017-08-01-5,19.73,18.99,0.303030303,1.66,5.41
2017-08-01-6,21.57,20.56,0.218243036,2.85,4.51
2017-08-01-7,23.15,22.420001,0.251300888,5.53,4.73
2017-08-01-8,25.47,27.31,0.202938476,20.29,3.3
2017-08-01-9,27.46,26.39,0.205081114,9.55,5.14
2017-08-01-10,32.53,28.93,0.230486685,13.25,4.67
2017-08-01-11,36.09,29.569999,0.191000918,8.36,4.61
2017-08-01-12,38.65,33.84,0.099785736,3.11,7.95
2017-08-01-13,43.74,43.54,0.257422712,13.92,4.49
2017-08-01-14,46.7,42.55,-0.625956535,1.77,0
2017-08-01-15,49.75,47.32,-0.625956535,3.8,0
2017-08-01-16,54.05,37.77,-0.625956535,0.71,0
2017-08-01-17,51.42,33.489999,-0.625956535,6.97,0
2017-08-01-18,45.08,31.33,0.213651668,4.94,5.46
2017-08-01-19,39.01,29.28,0.226507499,7.79,4.33
2017-08-01-20,38.91,29.65,0.224670952,5.16,0.8
2017-08-01-21,36.18,29.780001,0.19895929,14.08,1.87
2017-08-01-22,28.08,26.560001,0.227425773,8.38,4.23
2017-08-01-23,24.83,23.56,0.206917661,6.81,4.5
2017-08-02-0,22.78,21.879999,-0.600244873,3.82,6.73
2017-08-02-1,21.15,21.35,-0.603917968,6.94,1.29
2017-08-02-2,19.64,19.15,-0.608203245,3.17,0.1
2017-08-02-3,18.54,17.87,-0.609427609,3.97,3.19
2017-08-02-4,18.58,18.530001,-0.569635751,4.6,1.72
2017-08-02-5,20.06,21.029999,0.22926232,4.81,5.03
2017-08-02-6,21.76,22.68,0.226507499,3.7,4.53
2017-08-02-7,23.59,22.31,0.231404959,1.1,4.38
2017-08-02-8,25.41,25,0.228650138,14.62,4.26
2017-08-02-9,27.84,33.78,0.17875727,46.44,6.58
2017-08-02-10,31.97,37.610001,0.184879094,20.15,5.68
2017-08-02-11,36.61,29.91,0.192837466,14.63,4.48
2017-08-02-12,39.21,30.41,0.207529844,3.25,0.65
2017-08-02-13,46.31,36.73,0.219467401,8.28,0.73
2017-08-02-14,48.66,31.609999,0.18640955,1.15,4.97
2017-08-02-15,49.15,32.03,0.225283134,0.94,4.78
2017-08-02-16,53.07,33.149999,0.239669421,1.86,4.16
2017-08-02-17,46.33,32.03,0.20140802,1.38,0.78
2017-08-02-18,40.17,33.94,0.232017141,11.06,0.72
2017-08-02-19,36.89,31.690001,0.235690236,1.95,0.57
2017-08-02-20,37.33,28.679999,0.270278543,0.62,0.58
2017-08-02-21,32.72,26.22,0.161922253,7.52,5.57
2017-08-02-22,26.74,23.53,0.208448118,6.58,3.79
2017-08-02-23,23.96,22.1,0.213039486,2.45,5.51
2017-08-03-0,22.36,20.280001,-0.612794613,4.86,0
2017-08-03-1,20.49,17.73,-0.60697888,5.5,1.59
2017-08-03-2,19.08,15.21,-0.592898684,6.48,0
2017-08-03-3,18.3,15.58,-0.573308846,6.62,1.57
2017-08-03-4,18.49,17.04,-0.52402816,5.59,0.11
2017-08-03-5,19.64,18.76,0.246403428,2.07,5.06
2017-08-03-6,21.64,21.07,0.214569942,1.27,4.38
2017-08-03-7,22.82,22.39,0.280379553,8.91,4.33
2017-08-03-8,24.28,23.73,0.187021732,7.62,4.41
2017-08-03-9,26.87,25.4,0.266299357,7.05,4.6
2017-08-03-10,30.4,35.689999,0.243648607,25.71,6.91
2017-08-03-11,34.51,60.31,0.24946434,62.65,0.79
2017-08-03-12,36.61,54.05,0.215794307,24.64,3.05
2017-08-03-13,42.6,37.13,0.115396388,5.54,6.57
2017-08-03-14,45.54,53.010001,-0.573614937,21.69,4.43
2017-08-03-15,46.2,38.86,-0.621671258,4.46,7.1
2017-08-03-16,48.96,56.24,-0.630853994,16.54,7.58
2017-08-03-17,42.71,32.54,-0.643097643,0,5.35
2017-08-03-18,36.1,34.44,0.223446587,2.76,7.54
2017-08-03-19,33.78,28.84,0.247321702,12.74,0.73
2017-08-03-20,33,28.01,0.210896847,1.45,0.96
2017-08-03-21,29.54,25.11,0.214876033,3.68,7.04
2017-08-03-22,25.42,23.07,0.269666361,6.63,0.63
2017-08-03-23,23.01,20.7,0.221303949,7.06,4.49
2017-08-04-0,21.46,20.86,-0.61218243,4.39,0.15
2017-08-04-1,20.11,18.95,-0.601775329,6.95,0
2017-08-04-2,18.07,15.44,-0.59198041,20.73,0
2017-08-04-3,16.61,13.339999,-0.541169268,37.61,2.78
2017-08-04-4,17.12,18.04,-0.613712886,5.23,3.58
2017-08-04-5,18.88,16.44,0.243648607,36.09,4.8
2017-08-04-6,21.1,20.84,0.321089685,16.61,4.62
2017-08-04-7,22.05,22.22,0.216406489,10.68,4.65
2017-08-04-8,23.26,23.489999,0.242424242,7.32,5.18
2017-08-04-9,26.37,24.71,0.223446587,6.31,8.49
2017-08-04-10,29.75,27.67,0.22161004,11.57,6.16
2017-08-04-11,32.22,33.68,0.175084175,24.76,3.54
2017-08-04-12,33.95,38.329999,0.269054178,18.05,0.97
2017-08-04-13,34.93,40.130001,0.156718702,15.39,4.81
2017-08-04-14,37.1,28.22,-0.620752984,2.04,5.82
2017-08-04-15,37.28,30.15,-0.621059076,0.44,0
2017-08-04-16,36.58,49.51,-0.636669728,17.34,0
2017-08-04-17,33.76,39.38,-0.625956535,8.99,0
2017-08-04-18,30.99,33.25,0.185797368,25.63,6.79
2017-08-04-19,28.24,25.530001,0.200489746,3.82,6.99
2017-08-04-20,26.82,25.39,0.234771962,3.61,5.89
2017-08-04-21,24.8,24.13,0.203550658,2.5,5.02
2017-08-04-22,22.92,22.51,0.193755739,4.44,5.48
2017-08-04-23,20.62,21.48,-0.067340067,7.92,5.11
2017-08-05-0,18.46,20.15,-0.625344353,2.16,7.68
2017-08-05-1,18.26,21.33,-0.71043771,8.8,2.12
2017-08-05-2,16.67,20.27,-0.610345883,5.58,9.26
2017-08-05-3,14.85,18.349999,-0.588001224,5.27,7.25
2017-08-05-4,14.63,18.53,-0.492806856,1.93,6.36
2017-08-05-5,15.02,19.080001,0.251300888,9.19,4.61
2017-08-05-6,15.42,19.1,0.226201408,8.79,4.19
2017-08-05-7,16.71,17.8,0.184879094,8.27,3.84
2017-08-05-8,18.95,19.54,0.242424242,17.73,5.31
2017-08-05-9,21.44,22.39,0.230792776,8.38,4.94
2017-08-05-10,22.88,22.63,0.229568411,6.06,5.61
2017-08-05-11,23.93,23.13,0.240587695,9.21,2.69
2017-08-05-12,25.02,23.47,0.243036425,7.32,5.47
2017-08-05-13,26.09,23.65,0.131619223,5.28,6.59
2017-08-05-14,27.48,23.44,-0.626262626,0.29,1.49
2017-08-05-15,27.47,24.050001,-0.61952862,0.11,0
2017-08-05-16,28.61,24.43,-0.625956535,0.1,0
2017-08-05-17,28.6,26.04,-0.491582492,1.47,0
2017-08-05-18,27.54,24.94,0.215794307,5.11,5.23
2017-08-05-19,25.59,22.92,0.215182124,10.91,6.53
2017-08-05-20,25.11,23.51,0.205999388,11.54,5.6
2017-08-05-21,23.71,21.78,0.232017141,5.49,5.13
2017-08-05-22,20.96,18.33,0.230180594,6.86,6.15
2017-08-05-23,18.45,17.45,0.029078665,5.2,4.45
2017-08-06-0,17.74,13.8,-0.583715947,8.35,0.85
2017-08-06-1,17.26,16.41,-0.576063667,8.5,6.12
2017-08-06-2,15.93,18.2,-0.642485461,8.08,1.12
2017-08-06-3,13.67,15.01,-0.716253444,5.08,4.94
2017-08-06-4,12.38,15.81,-0.560759106,8.69,0.9
2017-08-06-5,12.19,14.450001,0.288337925,10.05,4.91
2017-08-06-6,9.79,14.27,0.354759718,6.45,4.12
2017-08-06-7,12.76,16.49,0.30486685,16.21,5.16
2017-08-06-8,16.86,14.45,0.223752678,8.12,4.52
2017-08-06-9,18.51,17.59,0.275482094,5.48,3.61
2017-08-06-10,19.79,18.72,0.26446281,6.85,0.56
2017-08-06-11,21.78,20.010001,0.255586165,5.17,4.73
2017-08-06-12,23.1,20.720001,0.218243036,3.26,4.33
2017-08-06-13,24.73,21.609999,0.198041016,4.69,0.57
2017-08-06-14,25.99,23.74,-0.63483318,8.55,1.17
2017-08-06-15,27.06,22.15,-0.565044383,0.82,1.77
2017-08-06-16,27.35,22.61,-0.569941843,0.78,1.16
2017-08-06-17,27.5,23.18,-0.505968779,4.96,1.36
2017-08-06-18,27.37,22.64,0.217936945,5.41,4.61
2017-08-06-19,26.6,23.96,0.227425773,21.51,6.11
2017-08-06-20,26.58,26.47,0.199571472,23.4,5.9
2017-08-06-21,24.49,21.83,0.227731864,7.75,4.79
2017-08-06-22,20.99,18.81,0.23936333,5.46,4.14
2017-08-06-23,18.79,18.48,0.230180594,3.28,4.96
2017-08-07-0,18.2,16.1,-0.627793082,7.77,0.94
2017-08-07-1,17.34,17.53,-0.59198041,5.45,1.54
2017-08-07-2,16.01,17.57,-0.562289562,9.51,2.49
2017-08-07-3,15.61,16.45,-0.602693603,3.86,1.48
2017-08-07-4,16.26,17.06,-0.453014998,6.4,0.79
2017-08-07-5,17.75,19.27,0.301499847,8.39,4.71
2017-08-07-6,19.61,20.05,0.234771962,7.25,5.5
2017-08-07-7,20.72,21.71,0.214876033,22.12,5.21
2017-08-07-8,22.3,22.14,0.208754209,23.69,4.85
2017-08-07-9,23.96,23.43,0.258034894,6.54,5.03
2017-08-07-10,26.83,24.72,0.239975513,8.66,6.11
2017-08-07-11,28.05,23.69,0.322007958,4.84,6.31
2017-08-07-12,28.92,25.39,0.293235384,12.02,5.27
2017-08-07-13,29.97,24.47,0.193755739,6.62,4.59
2017-08-07-14,29.67,23.96,-0.630241812,0.01,0
2017-08-07-15,29.95,24.740001,-0.618304255,0.02,0
2017-08-07-16,30.31,25.390001,-0.645546373,0.93,0
2017-08-07-17,29.96,24.99,-0.570247934,0.5,0
2017-08-07-18,28.43,25.799999,0.247933884,9.42,5.75
2017-08-07-19,28.54,24.22,0.236608509,8.22,3.24
2017-08-07-20,28.54,23.65,0.230486685,5.5,5.22
2017-08-07-21,24.68,22.03,0.230486685,4.92,4.82
2017-08-07-22,21.58,19.35,0.316804408,5.98,4.61
2017-08-07-23,20.01,17.980001,0.215794307,3.71,5.15
2017-08-08-0,18.25,17.030001,-0.518212427,5.69,1.5
2017-08-08-1,16.81,17.77,-0.620140802,6.17,0
2017-08-08-2,16.48,16.39,-0.611876339,7.54,0
2017-08-08-3,15.83,15.6,-0.604224059,4.11,1.86
2017-08-08-4,16.57,15.61,-0.581267218,5.9,0
2017-08-08-5,17.68,17.78,0.229568411,7.09,0.78
2017-08-08-6,19.49,18.07,0.282828283,3.14,5
2017-08-08-7,20.05,17.16,0.29231711,5.02,5.6
2017-08-08-8,21.94,20.51,0.261401898,0.86,5.07
2017-08-08-9,22.98,22.08,0.227425773,2.07,5.51
2017-08-08-10,24.81,22.75,0.248239976,2.51,4.85
2017-08-08-11,26.38,23.89,0.269666361,5.65,2
2017-08-08-12,29.32,24.559999,0.397000306,7.55,2.42
2017-08-08-13,31.17,24.78,0.202632384,5.13,2.67
2017-08-08-14,31.37,27.109999,-0.654729109,0.01,0
2017-08-08-15,33.08,27.55,-0.625344353,0.16,0
2017-08-08-16,36.6,37.17,-0.619834711,8.94,0
2017-08-08-17,34.27,39.33,-0.613100704,15.9,0
2017-08-08-18,30.83,40.6,0.212121212,15.86,5.59
2017-08-08-19,28.32,25.89,0.172329354,14.82,5.37
2017-08-08-20,28.26,31.51,0.1637588,18.82,5.07
2017-08-08-21,24.89,25.16,0.246403428,6.24,5.39
2017-08-08-22,22.02,20.62,0.346189164,6.01,5.9
2017-08-08-23,20.03,19.100001,0.224977043,4.8,4.56
2017-08-09-0,18.16,19.390001,-0.518212427,7.39,0.17
2017-08-09-1,17.64,18.77,-0.567187022,5.54,1.18
2017-08-09-2,16.71,18.03,-0.576675849,7.4,0.84
2017-08-09-3,14.96,16.88,-0.624119988,7.01,0.1
2017-08-09-4,15.71,17.180001,-0.480563208,4.67,0.13
2017-08-09-5,17.24,18.76,0.267829813,5.47,4.58
2017-08-09-6,19.57,19.139999,0.313131313,4.94,4.21
2017-08-09-7,19.92,20.16,0.301193756,5.64,4.8
2017-08-09-8,21.16,21.030001,0.252219161,6.7,4.62
2017-08-09-9,22.72,22.72,0.267217631,4.03,4.85
2017-08-09-10,24.16,27.1,0.260789715,12.19,3.19
2017-08-09-11,27.43,28.26,0.235996327,9.77,5.45
2017-08-09-12,30.04,28.58,0.230792776,13.51,1.1
2017-08-09-13,32.84,30.209999,0.214569942,11.05,4.59
2017-08-09-14,32.76,42.54,-0.625956535,13.53,5.9
2017-08-09-15,37.67,44.32,-0.57177839,15.26,0
2017-08-09-16,41.16,50.32,-0.625956535,14.48,7.63
2017-08-09-17,39.08,43.99,-0.479644934,9.97,6.92
2017-08-09-18,33.31,34.06,0.212733395,12.26,3.91
2017-08-09-19,31.25,31.4,0.215794307,12.62,3.42
2017-08-09-20,31.32,32.98,0.200183655,35.19,7.09
2017-08-09-21,26.52,26.65,0.236608509,10.55,5.22
2017-08-09-22,22.28,22.4,0.26691154,4.22,7.2
2017-08-09-23,20.49,20.56,0.227425773,3.2,8.09
2017-08-10-0,20.01,18.51,-0.593510866,7.33,0.76
2017-08-10-1,18.47,18.16,-0.625650444,5.94,0.13
2017-08-10-2,17.13,16.03,-0.623507805,10.93,0.1
2017-08-10-3,15.77,14.24,-0.611264157,7.99,2.32
2017-08-10-4,16.36,13.9,-0.500765228,3.99,2.5
2017-08-10-5,18.16,17.61,0.253749617,5.24,5.16
2017-08-10-6,19.75,19.270001,0.215488215,4.24,5.37
2017-08-10-7,20.4,18.8,0.352004897,7.58,4.73
2017-08-10-8,21.66,21.29,0.191613101,7.55,6.28
2017-08-10-9,23.46,24.369999,0.210896847,6.21,5.6
2017-08-10-10,26.13,27.88,0.222834405,16.36,5.03
2017-08-10-11,31.79,27.77,0.236302418,13.23,0.63
2017-08-10-12,32.75,26.36,0.288337925,5.57,7.54
2017-08-10-13,34.9,28.97,0.220385675,10.17,7.4
2017-08-10-14,37.43,40.799999,-0.522191613,11.83,3.1
2017-08-10-15,40.12,32.519999,-0.612488522,1.1,0
2017-08-10-16,45.88,35.66,-0.625956535,2.67,0
2017-08-10-17,41.33,34.44,-0.625956535,1.46,0
2017-08-10-18,34.9,33.45,0.145087236,6.59,3.92
2017-08-10-19,32.44,27.2,0.24946434,6.79,5.25
2017-08-10-20,32.76,28.98,0.217324763,8.29,4.99
2017-08-10-21,27.95,26.45,0.234465871,12.52,4.9
2017-08-10-22,22.94,21.95,0.233853688,6.41,5.44
2017-08-10-23,21.37,22.18,0.174778084,5.35,6.84
2017-08-11-0,20.68,19.84,-0.600550964,6.21,4
2017-08-11-1,19.57,19.68,-0.593816957,4.53,1.49
2017-08-11-2,18.18,17.94,-0.617692072,8.45,0.13
2017-08-11-3,17.1,17.5,-0.620752984,5.93,1.07
2017-08-11-4,17.34,18.26,-0.510866238,3.91,0.12
2017-08-11-5,18.84,20.52,0.267523722,8.06,1.29
2017-08-11-6,20.38,21.2,0.267829813,4.33,4.35
2017-08-11-7,20.96,21.37,0.399449036,8.11,5.73
2017-08-11-8,22.42,22.98,0.239669421,6.97,4.9
2017-08-11-9,23.97,25.84,0.273033364,9.54,5.55
2017-08-11-10,27.44,29.41,0.317110499,13.41,5.2
2017-08-11-11,30.15,26.290001,0.22161004,6.06,4.9
2017-08-11-12,31.52,35,0.205693297,9.26,6.98
2017-08-11-13,33.78,33.96,0.085093358,13.8,4.86
2017-08-11-14,36.39,28.57,-0.588613407,0,10.21
2017-08-11-15,37.13,28.980001,-0.62228344,1.64,5.06
2017-08-11-16,40.02,31.25,-0.633302724,1.52,0
2017-08-11-17,36.87,30.12,-0.632996633,0.35,0
2017-08-11-18,31.33,29.72,0.173553719,5.69,6.67
2017-08-11-19,27.7,28.32,0.244566881,8.59,4.04
2017-08-11-20,28.1,26.68,0.227731864,10.12,6.96
2017-08-11-21,25.32,26,0.30976431,9.71,5.76
2017-08-11-22,22.24,22.28,0.274869911,5.07,5.35
2017-08-11-23,20.48,20.29,0.108050199,6.47,0.09
2017-08-12-0,21.07,20.63,-0.615243343,6.86,0.82
2017-08-12-1,19.77,21.53,-0.600857055,8.6,1.03
2017-08-12-2,19.03,19.83,-0.630241812,7.83,2.18
2017-08-12-3,18.1,20.13,-0.626874809,7.45,3.31
2017-08-12-4,17.99,19.58,-0.485766758,7.08,2.51
2017-08-12-5,18.45,19.94,0.288337925,8.31,5.15
2017-08-12-6,18.46,20.119999,0.266299357,10.67,4.19
2017-08-12-7,19.45,19.4,0.29721457,7.59,4.96
2017-08-12-8,20.97,20.45,0.311294766,16.86,15.84
2017-08-12-9,22.4,23.3,0.238138965,5.19,2.23
2017-08-12-10,24.72,28,0.280073462,11.65,2.77
2017-08-12-11,27.79,26.19,0.237832874,24.51,3.6
2017-08-12-12,30.82,67.97,0.227731864,113.34,4.71
2017-08-12-13,31.32,35.55,0.225895317,23.59,3.29
2017-08-12-14,30.57,48.049999,-0.617692072,29.72,1.19
2017-08-12-15,32.2,37.72,-0.572696664,17.95,0
2017-08-12-16,33.23,59.25,-0.61707989,36.94,0
2017-08-12-17,33.24,47.040001,-0.487297215,24.59,0
2017-08-12-18,30.09,33.52,0.216406489,17.7,4.21
2017-08-12-19,27.99,30.549999,0.181818182,19.74,4.84
2017-08-12-20,29.37,29.17,0.256198347,16.51,6.03
2017-08-12-21,25.11,26.23,0.246403428,12.23,5.59
2017-08-12-22,22.37,22.94,0.245791246,2.79,4.62
2017-08-12-23,20.88,21.3,0.130088766,3.87,5.8
2017-08-13-0,19.77,20.080001,-0.62228344,6.07,6.28
2017-08-13-1,18.72,21.269999,-0.582185491,8.25,2.58
2017-08-13-2,17.56,19.069999,-0.60208142,8.08,1.25
2017-08-13-3,16,18.4,-0.610345883,6.56,1.58
2017-08-13-4,15.68,17.64,-0.48607285,5.39,3.44
2017-08-13-5,15.25,18.21,0.239669421,8.39,4.35
2017-08-13-6,14.68,16.66,0.22926232,7.85,4.54
2017-08-13-7,16.1,17.78,0.239975513,5.41,4.3
2017-08-13-8,18.56,19.27,0.271196817,4.93,5.2
2017-08-13-9,20.48,19.73,0.270278543,5.66,5.35
2017-08-13-10,21.71,21.569999,0.245791246,3.91,4.41
2017-08-13-11,22.92,23.68,0.282828283,7.94,5.66
2017-08-13-12,24.45,25.9,0.280379553,5.88,4.66
2017-08-13-13,25.26,32.81,0.140801959,10.12,7.21
2017-08-13-14,28.19,38.46,-0.588001224,20.5,0.93
2017-08-13-15,29.89,27.19,-0.622895623,0.59,8.21
2017-08-13-16,30.38,50.2,-0.626262626,19.21,9.9
2017-08-13-17,29.82,42.76,-0.48607285,18.27,0
2017-08-13-18,29.02,36.509999,0.213957759,12.83,6.43
2017-08-13-19,28.7,30.220001,0.2090603,10.15,3.91
2017-08-13-20,29.28,30.24,0.225589226,30.59,5.8
2017-08-13-21,24.65,25.07,0.273033364,10.12,5.21
2017-08-13-22,22.05,21.51,0.235078053,4.07,5.67
2017-08-13-23,20.64,19.899999,0.189164371,15.79,5.76
2017-08-14-0,20.01,20.28,-0.602387511,7.82,3.44
2017-08-14-1,18.95,19.22,-0.616161616,10.4,1.86
2017-08-14-2,18.01,16.73,-0.616467707,8.37,0.7
2017-08-14-3,16.77,15.39,-0.599938782,7.8,2.57
2017-08-14-4,17.62,16.62,-0.501071319,6.36,2.81
2017-08-14-5,19.03,19.59,0.273951638,8.8,5.54
2017-08-14-6,20.65,20.279999,0.260177533,13.18,4.1
2017-08-14-7,21.01,19.33,0.26446281,7.27,1.04
2017-08-14-8,22.52,22.45,0.295684114,5.9,3.17
2017-08-14-9,24.28,23.39,0.264768901,5.08,2.92
2017-08-14-10,27.23,24.51,0.250076523,6.51,2.25
2017-08-14-11,29.09,27.079999,0.244872972,7.89,4.07
2017-08-14-12,31.47,26.18,0.21150903,2.37,5.4
2017-08-14-13,32.67,40.78,0.182430364,15.26,5.2
2017-08-14-14,35.59,29.24,-0.302724212,3.92,6.26
2017-08-14-15,38.01,30.03,-0.640036731,4.46,0
2017-08-14-16,40.83,34.73,-0.577288032,5.57,6.74
2017-08-14-17,38.74,31.79,-0.489745944,2.83,0
2017-08-14-18,33.03,38.05,0.23415978,18.21,4.4
2017-08-14-19,30.55,32.289999,0.197122743,7.25,7.01
2017-08-14-20,30.35,41.78,0.220385675,34.24,0.52
2017-08-14-21,26.84,30.48,0.205693297,13.44,6.91
2017-08-14-22,22.75,23.519999,0.30731558,16.89,5.16
2017-08-14-23,21.61,22.8,0.189164371,6.49,6.24
2017-08-15-0,21.51,21.79,-0.580961126,4.91,0.06
2017-08-15-1,21.07,21.81,-0.587082951,6.19,0.1
2017-08-15-2,20.16,21.19,-0.603611876,5.43,0.15
2017-08-15-3,19.52,20.73,-0.586164677,3.72,0.07
2017-08-15-4,19.71,20.81,-0.524334252,5.78,0.09
2017-08-15-5,21.09,22.53,0.22926232,3.38,5.25
2017-08-15-6,22.2,24.19,0.2543618,7,2.29
2017-08-15-7,23.37,24.66,0.3275176,3.46,4.98
2017-08-15-8,24.79,25.43,0.22161004,6.73,1.95
2017-08-15-9,27.31,26.35,0.214569942,9.28,5.99
2017-08-15-10,30.25,30.62,0.217630854,10.87,4.87
2017-08-15-11,34.4,28.85,0.196204469,8.78,4.82
2017-08-15-12,38.08,30.66,0.204775023,5.93,5.92
2017-08-15-13,42,30.67,0.186103459,0.68,0.87
2017-08-15-14,42.93,51.34,-0.568411387,0,0
2017-08-15-15,47.03,51.96,-0.625956535,0,0
2017-08-15-16,49.97,51.93,-0.626262626,18.46,0
2017-08-15-17,46.81,46.94,-0.485154576,14.56,0
2017-08-15-18,40.63,35.08,0.437710438,7.67,3.63
2017-08-15-19,37,30.619999,0.247015611,14.37,1.21
2017-08-15-20,37.63,29.76,0.241199878,11.25,0.7
2017-08-15-21,31.9,29.72,0.241505969,14.33,5.3
2017-08-15-22,26.38,24.070001,0.273339455,6.63,4.91
2017-08-15-23,23.34,21.4,0.161003979,3.68,8.45
2017-08-16-0,22.1,20.93,-0.588613407,6.52,0.37
2017-08-16-1,20.68,19.82,-0.536271809,7.66,0.45
2017-08-16-2,19.5,18.49,-0.557698194,4.21,0.36
2017-08-16-3,18.62,15.87,-0.621059076,4.64,2.62
2017-08-16-4,18.89,17.110001,-0.519436792,4.8,2.69
2017-08-16-5,20.44,20.1,0.35261708,9.2,4.81
2017-08-16-6,21.97,22.33,0.258340986,4.98,4.08
2017-08-16-7,23.1,21.19,0.240587695,4.96,1.58
2017-08-16-8,24.19,23.4,0.272727273,5.25,5.4
2017-08-16-9,26.21,25.66,0.219467401,5.99,2.9
2017-08-16-10,30.62,35.37,0.251606979,20.15,5.62
2017-08-16-11,35.9,29.07,0.169574533,8.03,4.58
2017-08-16-12,38.32,43.62,0.22926232,25.25,8.57
2017-08-16-13,42.3,35.16,0.239057239,7.78,7.17
2017-08-16-14,47.69,39.15,-0.182430364,7.53,5.46
2017-08-16-15,50.95,55.800001,-0.60453015,18.61,0
2017-08-16-16,55.24,35.620001,-0.599326599,0.99,0
2017-08-16-17,49.05,41.09,-0.472298745,4.59,0
2017-08-16-18,41.92,40.6,0.22161004,5.38,6.17
2017-08-16-19,36.87,34.33,0.187940006,14.34,0.6
2017-08-16-20,36.04,32.280001,0.213039486,4.46,0.57
2017-08-16-21,31.61,31.96,0.191613101,17.01,4.28
2017-08-16-22,25.89,26.3,0.244566881,10.5,4.66
2017-08-16-23,23.75,23.79,0.210284665,5.77,5.94
2017-08-17-0,22.24,21.95,-0.616467707,4.88,0.1
2017-08-17-1,21.03,21.08,-0.575757576,3.53,1.35
2017-08-17-2,19.9,20.13,-0.612794613,5.23,0.06
2017-08-17-3,18.74,19.38,-0.596265687,5.84,0.04
2017-08-17-4,18.82,19.43,-0.555555556,3.25,0.05
2017-08-17-5,20.35,21.24,0.312213039,6.86,0.11
2017-08-17-6,22.14,22.91,0.255280073,6.27,1.61
2017-08-17-7,23.67,23.45,0.310988675,5.35,4.71
2017-08-17-8,24.31,23.95,0.333027242,4.29,4.51
2017-08-17-9,26.28,25.49,0.131619223,9.6,6.76
2017-08-17-10,30.17,29.91,0.21916131,27.83,5.18
2017-08-17-11,33.86,30.58,0.258953168,16.65,5.08
2017-08-17-12,35.65,30.56,0.260177533,13.45,4.78
2017-08-17-13,38.65,49.14,0.185185185,49.06,5.23
2017-08-17-14,42.8,51.86,-0.636057545,13.64,5.46
2017-08-17-15,44.04,54.95,-0.626262626,18.81,0
2017-08-17-16,46.45,107.49,-0.61952862,98.42,6.42
2017-08-17-17,42.21,50.34,-0.55677992,6.36,8.94
2017-08-17-18,36.35,34.420001,0.239057239,14.04,4.69
2017-08-17-19,34.99,29.630001,0.210590756,10,0.98
2017-08-17-20,34.87,35.15,0.210590756,10.7,0.8
2017-08-17-21,31.85,40.83,0.186103459,32.4,21.79
2017-08-17-22,26.14,27.63,0.230180594,25.39,5.96
2017-08-17-23,23.13,24.94,0.165595347,2.85,9.04
2017-08-18-0,23.77,24.919999,-0.613100704,6.66,0
2017-08-18-1,21.91,22.349999,-0.607591062,2.46,1.81
2017-08-18-2,21.14,22.159999,-0.582797674,5.05,0.14
2017-08-18-3,20.58,21.57,-0.605448424,3.16,1.1
2017-08-18-4,20.49,21.9,-0.498316498,2.85,0.97
2017-08-18-5,21.65,24.37,0.215794307,8.84,0.97
2017-08-18-6,23.87,25.66,0.306703398,3.51,5.26
2017-08-18-7,24.61,26.68,0.247627793,10.72,4.6
2017-08-18-8,25.81,27.96,0.278849097,5.67,6.68
2017-08-18-9,27.93,28.17,0.272727273,22.74,8
2017-08-18-10,33.77,31.61,0.248852158,32.33,6
2017-08-18-11,36.81,30.64,0.322926232,7.89,5.01
2017-08-18-12,39.74,48.360001,0.273339455,57.24,0.63
2017-08-18-13,44.44,65.14,0.197122743,42.78,3.08
2017-08-18-14,47.75,77.29,-0.551882461,36.56,8.93
2017-08-18-15,49.91,84.06,-0.606060606,52.96,0
2017-08-18-16,49.62,76.829999,-0.622895623,26.53,6.61
2017-08-18-17,44.18,64.17,-0.565962657,23.36,6.98
2017-08-18-18,36.57,43.21,0.13865932,18.87,4.26
2017-08-18-19,36.37,29.699999,0.217018672,5.69,0.59
2017-08-18-20,34.43,36.71,0.091215182,10.42,0.66
2017-08-18-21,31.28,31.54,0.262626263,24.13,4.64
2017-08-18-22,26.23,24.04,0.31741659,10.04,5.05
2017-08-18-23,23.63,23.14,0.207529844,3.82,6.65
2017-08-19-0,23.71,22.41,-0.557392103,6.07,0.11
2017-08-19-1,22.63,21.81,-0.609121518,4.59,0.1
2017-08-19-2,21.76,21.35,-0.60208142,4.37,0.14
2017-08-19-3,20.72,20.76,-0.589225589,3.14,0.1
2017-08-19-4,20.44,20.36,-0.563207836,2.82,0.1
2017-08-19-5,20.56,20.87,0.243036425,5.23,0.72
2017-08-19-6,20.77,20.68,0.242424242,3.91,0.71
2017-08-19-7,21.74,21.25,0.337924702,9.06,0.87
2017-08-19-8,23.91,23.38,0.312213039,7.95,1.93
2017-08-19-9,25.1,24.92,0.300887665,5.55,1.39
2017-08-19-10,27.92,29.22,0.286807469,8.79,6.43
2017-08-19-11,32.14,34.29,0.259259259,12.9,5.8
2017-08-19-12,34.8,57.16,0.240281604,38.48,4.5
2017-08-19-13,34.69,32.58,0.200489746,2.82,4.07
2017-08-19-14,38.56,52.58,-0.534741353,26.25,0.7
2017-08-19-15,41.87,60.120001,-0.553106826,39.44,0
2017-08-19-16,45.68,40,-0.625956535,4.69,0
2017-08-19-17,45.49,38.27,-0.555861647,3.35,0
2017-08-19-18,38.4,31.79,0.179063361,0.15,5.84
2017-08-19-19,35.31,30.11,0.032139578,8.25,5.08
2017-08-19-20,34.66,31.7,0.228344047,18.27,5.39
2017-08-19-21,29.61,27.95,0.227731864,10.27,3.75
2017-08-19-22,26.4,23.4,0.252219161,7.45,4.14
2017-08-19-23,23.46,21.2,0.190082645,6.52,2.14
2017-08-20-0,21.89,22.029999,-0.604224059,6.12,1.84
2017-08-20-1,20.9,19.85,-0.597183961,13.61,0.06
2017-08-20-2,20.03,19.4,-0.561371289,3.61,0.15
2017-08-20-3,18.55,16.7,-0.584634221,8.17,0.06
2017-08-20-4,17.23,15.84,-0.54667891,12.85,1.36
2017-08-20-5,16.88,17.92,0.267523722,5.22,4.61
2017-08-20-6,17.02,16.59,0.26446281,5.31,3.92
2017-08-20-7,18.97,16.85,0.250994796,6.95,4.27
2017-08-20-8,21.52,19.36,0.289256198,10.17,5.12
2017-08-20-9,23.41,21.39,0.28466483,9.33,1.07
2017-08-20-10,24.65,23.220001,0.335475972,3.49,5.54
2017-08-20-11,27.98,25.93,0.26446281,7.51,4.96
2017-08-20-12,31.21,28.450001,0.278236915,15.62,6.16
2017-08-20-13,35.52,35.36,0.230486685,14.21,6.28
2017-08-20-14,39.16,32.01,-0.472604836,4.51,1.23
2017-08-20-15,41.9,38.87,-0.598408326,4.29,1.12
2017-08-20-16,48.81,49.71,-0.605142332,11.71,0.99
2017-08-20-17,51.09,68.67,-0.438016529,54.36,0.9
2017-08-20-18,43.03,35.539999,0.242424242,0.96,4.45
2017-08-20-19,39.69,44.42,0.257728803,36.12,4.28
2017-08-20-20,38.36,50.01,0.269972452,48.97,4.62
2017-08-20-21,31.97,31.880001,0.239057239,19.29,6.65
2017-08-20-22,26.96,23.590001,0.298438935,9.08,4.37
2017-08-20-23,24.38,22.45,0.204775023,2.1,8.65
2017-08-21-0,21.71,21.35,-0.621671258,2.43,1.64
2017-08-21-1,20.3,19.53,-0.602999694,3.18,1.61
2017-08-21-2,19.67,18.32,-0.603917968,3.46,0.1
2017-08-21-3,18.93,17.34,-0.613406795,4.78,0.09
2017-08-21-4,18.86,18.059999,-0.569635751,3.14,0.14
2017-08-21-5,19.96,20.480001,0.215488215,5.01,4.47
2017-08-21-6,21.4,22.2,0.243648607,4.29,5.49
2017-08-21-7,23.54,22.940001,0.26691154,4.65,1.29
2017-08-21-8,25.05,24.83,0.235996327,5.37,5.52
2017-08-21-9,29.06,28.83,0.293235384,10.03,6.62
2017-08-21-10,35.37,32.7,0.237832874,27.18,4.59
2017-08-21-11,42.52,39.16,0.213345577,25.13,4.5
2017-08-21-12,43.03,45.33,0.472910927,18.84,0.64
2017-08-21-13,48.5,40.57,0.953168044,23.61,3.72
2017-08-21-14,54.81,26.05,0.842975207,11.97,3.32
2017-08-21-15,60.32,29.34,0.797979798,6.72,3.38
2017-08-21-16,67.84,34.66,0.885215794,14.3,0.44
2017-08-21-17,58.34,55.62,0.321089685,23.39,0.62
2017-08-21-18,48.82,38.22,0.230792776,5.76,0
2017-08-21-19,43.88,33.3,0.322007958,0.75,0.56
2017-08-21-20,42.29,33.93,0.278849097,11.84,0.88
2017-08-21-21,39.09,31.98,0.180593817,13.58,4.06
2017-08-21-22,29.11,25.8,0.277318641,5.96,4.66
2017-08-21-23,25.78,23.29,0.180287726,3.71,7.27
2017-08-22-0,22.88,21.879999,-0.580042853,3.49,1.71
2017-08-22-1,21.08,19.89,-0.588919498,5.05,1.89
2017-08-22-2,19.73,19.44,-0.631466177,5.9,0.17
2017-08-22-3,18.63,18.24,-0.596571778,14.05,0.1
2017-08-22-4,18.57,19.6,-0.549739822,4.15,1.27
2017-08-22-5,20.39,22.38,0.28466483,7.08,1.43
2017-08-22-6,22.18,24.78,0.249158249,9.51,0.68
2017-08-22-7,24.22,24.669999,0.269360269,8.05,5.22
2017-08-22-8,24.91,25.34,0.345576982,5.8,3.68
2017-08-22-9,28.47,28.52,0.217324763,10.26,7.8
2017-08-22-10,33.06,27.51,0.238445057,8.2,6.97
2017-08-22-11,36.96,32.55,0.250076523,25.16,1.13
2017-08-22-12,41.24,40.9,0.223140496,13.66,4.09
2017-08-22-13,45.53,31.72,0.255280073,4.74,4.69
2017-08-22-14,51.61,34.8,-0.624426079,0.01,0
2017-08-22-15,54.64,49.020001,-0.617692072,0.01,0
2017-08-22-16,60.84,49.16,-0.603917968,4.96,0
2017-08-22-17,52.63,49.52,-0.480563208,5.99,0
2017-08-22-18,38.72,41.12,0.253443526,15.74,4.82
2017-08-22-19,36.08,44.05,0.231404959,16.08,0.82
2017-08-22-20,36.94,38.79,0.165901439,34.41,4.74
2017-08-22-21,31.71,29.48,0.213651668,16.31,3.49
2017-08-22-22,26.53,24.98,0.208754209,19.71,5.07
2017-08-22-23,23.18,22.56,0.154882155,2.94,4.71
2017-08-23-0,22.3,22.93,-0.608815427,3.62,0.14
2017-08-23-1,21.18,22.52,-0.600857055,4.91,0.11
2017-08-23-2,19.94,21.26,-0.599020508,2.78,1.12
2017-08-23-3,19.14,19.04,-0.605754515,22.5,0.14
2017-08-23-4,19.22,18.1,-0.469237833,33.7,0.09
2017-08-23-5,21.07,22.58,0.30486685,5.26,5.14
2017-08-23-6,22.14,23.770001,0.307009489,13.74,1.37
2017-08-23-7,22.65,22.43,0.351392715,5.2,2.82
2017-08-23-8,23.66,23.24,0.229568411,6.54,4.72
2017-08-23-9,25.52,24.67,0.217018672,5.2,2.1
2017-08-23-10,26.9,25.82,0.215794307,8.36,6.35
2017-08-23-11,28.68,26.71,0.239669421,6.09,0.93
2017-08-23-12,31.39,27.83,0.252831344,7.23,4.48
2017-08-23-13,33.36,27.84,0.156412611,5.71,5.21
2017-08-23-14,35.07,33.84,-0.631772268,5.84,0
2017-08-23-15,35.28,29.84,-0.619834711,0.31,0
2017-08-23-16,36.33,32.64,-0.623201714,3.12,0
2017-08-23-17,34.75,37.11,-0.444750536,36.47,0
2017-08-23-18,32.78,42.23,0.210590756,22,2.95
2017-08-23-19,28.28,28.04,0.231404959,8.57,0.83
2017-08-23-20,27.83,28.01,0.228650138,7.88,3.91
2017-08-23-21,25.83,24.3,0.260483624,7.44,3.25
2017-08-23-22,22.53,20.9,0.240281604,4.02,3.67
2017-08-23-23,21.18,20.37,0.126721763,7.89,1.56
2017-08-24-0,20,19.74,-0.657177839,3.86,0.14
2017-08-24-1,19.23,19.690001,-0.625956535,4.69,0.09
2017-08-24-2,17.83,18.110001,-0.618304255,5.42,0.29
2017-08-24-3,16.77,17.67,-0.608203245,5.99,0
2017-08-24-4,17.29,17.830001,-0.50137741,6.79,1.07
2017-08-24-5,19.11,19.37,0.329354148,10.36,0.99
2017-08-24-6,21.08,21.690001,0.273339455,4.39,5.29
2017-08-24-7,21.78,20.7,0.321089685,1.8,5.67
2017-08-24-8,22.48,21.42,0.258340986,2.59,5.83
2017-08-24-9,23.57,22.52,0.263544536,3.76,2.29
2017-08-24-10,25.01,23.34,0.231404959,1.9,4.88
2017-08-24-11,27.06,26.34,0.172941537,8.19,5.24
2017-08-24-12,28.45,25.91,0.255586165,6.22,2.7
2017-08-24-13,29.26,24.89,0.20140802,1.8,0.79
2017-08-24-14,30.39,24.93,-0.595041322,0.68,0
2017-08-24-15,30.93,39.229999,-0.626874809,16.52,0
2017-08-24-16,30.95,25.21,-0.655647383,0.01,0
2017-08-24-17,30.35,27.18,-0.479644934,0.54,0
2017-08-24-18,28.9,25.28,0.227731864,5.37,0.91
2017-08-24-19,26.57,23.7,0.211202938,4.77,1.08
2017-08-24-20,27.36,27.18,0.187940006,8.18,1.31
2017-08-24-21,24.87,22.66,0.25956535,1.83,5.15
2017-08-24-22,21.93,19.61,0.303642485,6.94,5.23
2017-08-24-23,19.73,20.21,0.161003979,6.09,6.89
2017-08-25-0,19.31,18.130001,-0.591368228,17.75,1.61
2017-08-25-1,18.07,18.519999,-0.575145393,23.75,3.12
2017-08-25-2,17.32,13.18,-0.60453015,58.09,0.74
2017-08-25-3,16.16,17.44,-0.607897153,16.51,1.09
2017-08-25-4,16.89,15.2,-0.505356596,5.23,0.98
2017-08-25-5,18.01,15.72,0.212121212,4.2,4.94
2017-08-25-6,20.41,19.61,0.288950107,11.09,4.7
2017-08-25-7,21.1,20.38,0.350780533,8.84,5.1
2017-08-25-8,22.02,20.909999,0.370676462,19.8,5.46
2017-08-25-9,23.44,23.48,0.212121212,4.92,4.9
2017-08-25-10,24.42,23.73,0.238445057,4.69,5.57
2017-08-25-11,26.11,26.82,0.218243036,14.93,4.44
2017-08-25-12,27.39,75.96,0.233853688,129.25,4.5
2017-08-25-13,29.29,24.3,0.182124273,3.76,4.71
2017-08-25-14,30.77,24.93,-0.632078359,1.74,1
2017-08-25-15,31.26,27.12,-0.621977349,7.48,0.93
2017-08-25-16,31.51,28.060001,-0.614325069,1.48,0
2017-08-25-17,31.48,27.9,-0.48607285,0.83,0
2017-08-25-18,28.6,25.369999,0.28466483,7.4,3.33
2017-08-25-19,25.45,22.270001,0.230486685,5.07,0.86
2017-08-25-20,25.33,24.13,0.222222222,4.75,4.97
2017-08-25-21,23.65,22.949999,0.220079584,1.07,5.13
2017-08-25-22,21.54,19.849999,0.231098867,7.95,4.66
2017-08-25-23,19.63,16.93,-0.053872054,6.62,7.4
2017-08-26-0,17.46,16.49,-0.607897153,9.56,1.02
2017-08-26-1,16.25,19.34,-0.618916437,12.31,1.38
2017-08-26-2,15.56,17.17,-0.604836241,9.85,1.83
2017-08-26-3,15.34,18.49,-0.586470768,8.43,1.26
2017-08-26-4,15.34,17.2,-0.563820018,3.9,8.58
2017-08-26-5,15.46,19.13,0.257728803,13.69,3.63
2017-08-26-6,15.22,19.04,0.290480563,14.46,1.44
2017-08-26-7,16.11,11.22,0.296908479,16.12,2.62
2017-08-26-8,18.45,17.93,0.281297827,15.4,6.42
2017-08-26-9,20.14,20.5,0.216100398,18.02,5.83
2017-08-26-10,21.18,20.579999,0.358126722,17.67,3.4
2017-08-26-11,22.39,23.21,0.279767371,9.22,2.15
2017-08-26-12,23.15,23.8,0.265381084,7.07,5.26
2017-08-26-13,23.81,23.17,0.286195286,14.65,6.33
2017-08-26-14,24.64,23.03,-0.567187022,4.16,3.25
2017-08-26-15,25.61,23.269999,-0.625956535,1.82,2.87
2017-08-26-16,26.29,23.91,-0.625956535,2.2,1.87
2017-08-26-17,26.23,24.49,-0.490664218,3.09,1.75
2017-08-26-18,25.07,24.590001,0.266605448,17.74,6.71
2017-08-26-19,24.27,22.3,0.210590756,7.78,6.36
2017-08-26-20,24.14,23.07,0.215794307,8.35,6.8
2017-08-26-21,22.55,20.7,0.223446587,14.28,6.11
2017-08-26-22,20.35,17.44,0.260177533,19.41,6.44
2017-08-26-23,18.45,18.7,0.243036425,6.34,6.12
2017-08-27-0,17.44,17.87,-0.436179982,7.71,11.21
2017-08-27-1,16.54,20.330001,-0.621671258,11.06,2.03
2017-08-27-2,15.44,17.549999,-0.642179369,6.54,2.63
2017-08-27-3,14.43,16.13,-0.627486991,4.88,0.85
2017-08-27-4,13.47,16.890001,-0.431894705,6.59,1.3
2017-08-27-5,13.11,14.61,0.295071931,7.86,5.12
2017-08-27-6,12.83,10.299999,0.232323232,9.62,5.22
2017-08-27-7,13.82,9.08,0.248546067,15.03,4.4
2017-08-27-8,17.2,16.42,0.287725742,10.5,5.78
2017-08-27-9,18.72,18.48,0.327211509,16.73,6.24
2017-08-27-10,19.97,19.23,0.22681359,5.67,4.22
2017-08-27-11,21.79,20.5,0.285277013,6.09,4.22
2017-08-27-12,23.25,20.63,0.30976431,7.39,2.13
2017-08-27-13,24.27,21.18,0.267829813,13.83,4.09
2017-08-27-14,26.8,21.3,-0.608509336,3.27,7.84
2017-08-27-15,26.43,22.850001,-0.625344353,10.65,2.81
2017-08-27-16,26.77,23,-0.618304255,4.79,2.09
2017-08-27-17,27.39,29.59,-0.543005816,10.75,1.69
2017-08-27-18,26.42,24.84,0.226201408,4.63,6.35
2017-08-27-19,25.68,23.789999,0.217630854,2.73,5.41
2017-08-27-20,26.64,38.540001,0.286195286,44.75,6.23
2017-08-27-21,23.98,22.380001,0.229874503,13.5,5.92
2017-08-27-22,22.01,20.13,0.213345577,4.88,6.32
2017-08-27-23,20.03,19.17,0.164677074,5.2,5.92
2017-08-28-0,18.68,18.190001,-0.639118457,9.7,1.11
2017-08-28-1,18.4,18.31,-0.593510866,8.41,1.84
2017-08-28-2,17.31,16.64,-0.617385981,4.23,1.53
2017-08-28-3,16.94,16.5,-0.617385981,7.56,1.07
2017-08-28-4,17.26,17.029999,-0.556473829,5.8,1.32
2017-08-28-5,18.78,20.09,0.287419651,9.34,4.85
2017-08-28-6,20.18,21.55,0.169574533,17.25,5.49
2017-08-28-7,21.8,20.86,0.252219161,16.05,6.31
2017-08-28-8,23.06,20.6,0.25956535,12.56,6.48
2017-08-28-9,25.34,21.429999,0.280379553,5.68,6.42
2017-08-28-10,26.82,22.140001,0.255586165,12.54,5.45
2017-08-28-11,28.5,22.6,0.351698806,6.07,5.27
2017-08-28-12,29.87,23,0.232935415,8.53,6.02
2017-08-28-13,30.3,23.360001,0.150902969,8.02,4.03
2017-08-28-14,31.48,23.15,-0.636669728,0.05,2.17
2017-08-28-15,32.48,23.92,-0.61463116,0.02,1.97
2017-08-28-16,33.89,24.680001,-0.630547903,1.63,1.33
2017-08-28-17,32.49,23.84,-0.480869299,2.8,1.17
2017-08-28-18,30.42,22.64,0.247627793,0.02,1.78
2017-08-28-19,29.45,22.49,0.232629324,6.11,4.39
2017-08-28-20,29.57,25.2,0.21916131,7.47,6.2
2017-08-28-21,26.33,21.849999,0.246097337,3.76,6.22
2017-08-28-22,22.37,18.949999,0.333945516,4.26,5.29
2017-08-28-23,20.84,17.41,0.164370983,5.7,6.38
2017-08-29-0,18.65,17.21,-0.594123049,5.89,1.42
2017-08-29-1,17.89,17.72,-0.555249464,7.38,8.66
2017-08-29-2,17.46,16.12,-0.576063667,4.4,1.57
2017-08-29-3,17.1,16.299999,-0.61707989,6.64,1.42
2017-08-29-4,17.34,17.349999,-0.489745944,8.53,2.22
2017-08-29-5,18.55,19.080001,0.34771962,5.84,5.24
2017-08-29-6,20.29,20.139999,0.32231405,2.84,4.44
2017-08-29-7,21.17,20.63,0.361493725,10.97,5.01
2017-08-29-8,22.46,22.34,0.206305479,7.51,5.88
2017-08-29-9,23.63,22.540001,0.238445057,3.18,5.13
2017-08-29-10,24.66,22.85,0.244872972,7.56,2.48
2017-08-29-11,25.35,22.89,0.280379553,4.21,3.49
2017-08-29-12,27.69,24.1,0.211815121,6.75,4.95
2017-08-29-13,28.51,23.58,0.198653199,4.28,1.74
2017-08-29-14,28.35,22.99,-0.589837772,1.87,1.53
2017-08-29-15,28.46,23.060001,-0.612488522,0.13,2.01
2017-08-29-16,28.69,23.25,-0.645852464,0.01,0
2017-08-29-17,28.68,24.249999,-0.546066728,0.9,1.04
2017-08-29-18,28.6,26.09,0.293541475,9.79,1.43
2017-08-29-19,28.47,21.679999,0.248239976,3.43,0.98
2017-08-29-20,28.39,22.85,0.213957759,5.5,1.42
2017-08-29-21,24.36,21.89,0.25956535,3.48,4.84
2017-08-29-22,21.32,17.57,0.19651056,3.14,5.39
2017-08-29-23,19.7,16.58,0.23936333,6.17,4.87
2017-08-30-0,19.28,19.289999,-0.631160086,5.62,3.38
2017-08-30-1,18.29,17.45,-0.610958066,4.48,1.86
2017-08-30-2,17.59,17.020001,-0.616161616,3.45,1.41
2017-08-30-3,17.06,15.619999,-0.621671258,6.56,2.05
2017-08-30-4,17.38,17.34,-0.464340373,6.68,1.86
2017-08-30-5,19.06,19.2,0.314661769,4.59,5.05
2017-08-30-6,20.29,20.01,0.251300888,4.41,5.73
2017-08-30-7,20.86,18.440001,0.248852158,3.04,5.6
2017-08-30-8,21.62,20.19,0.304254668,14.28,5.53
2017-08-30-9,23.1,20.88,0.23171105,5.58,4.62
2017-08-30-10,24.31,22.45,0.260483624,6.23,5.3
2017-08-30-11,25.89,24.27,0.217630854,8.2,2.29
2017-08-30-12,29.05,27.65,0.250382614,11.36,2.63
2017-08-30-13,31.88,29.22,0.201714111,11.17,4.93
2017-08-30-14,31.72,29.240001,-0.628711356,4.01,1.09
2017-08-30-15,33.94,41.63,-0.602999694,21.27,2.12
2017-08-30-16,37.34,50.08,-0.614018978,32.4,1.1
2017-08-30-17,37.7,38.17,-0.492806856,13.38,0.91
2017-08-30-18,32.07,31.42,0.202326293,2.59,4.99
2017-08-30-19,31.67,31.39,0.215794307,15.16,1.07
2017-08-30-20,32.29,34.91,0.184266912,18.91,1.15
2017-08-30-21,27.93,26.82,0.179063361,18.19,5.45
2017-08-30-22,22.89,21.83,-0.121518212,4.99,5.94
2017-08-30-23,20.71,20.08,0.188246097,4.24,6.21
